trust_score,success_rate,failures,latency,cpu_usage,failure_risk
50,0.9000768026490346,16,75.93591886546082,21.42273025247497,1
85,0.8513109627050365,9,28.730461704312134,46.19335590483775,0
47,0.8011901935208783,3,50.10233761054033,52.38882284790378,1
70,0.692227197944589,14,40.36634396466227,84.626330134536,1
56,0.6575865628390081,20,27.5017714311363,75.86932335001052,1
54,0.6077079597726748,4,25.259027124024158,59.23654550993829,1
98,0.9350568411015472,11,48.700601423735044,71.90802296839374,0
75,0.8302341959611652,16,99.77493406203163,87.13068546694734,1
41,0.8032995876273532,15,34.121447796968454,60.57278884141172,1
62,0.8688979478176029,19,87.19645991623443,91.33928780631898,1
57,0.7288728354278854,17,85.44069439634897,49.141521089653324,1
49,0.6644219306724487,18,27.994724721630597,40.30212826035535,1
50,0.7149097009973945,7,15.053329065121115,33.114796513893936,1
47,0.8565988298493954,18,24.120467860905915,38.087505877064146,1
67,0.9168727516627722,9,35.97065321162654,33.931764967179916,0
100,0.689651497258803,7,17.1770721979852,24.72517693362718,1
88,0.8475479017838518,0,51.104231377596655,92.78513430649029,0
83,0.8413481831234935,13,69.06017439310308,72.81515516034895,0
65,0.8632871448048238,18,41.33634414545105,80.47572957419072,0
75,0.9331985807315863,16,72.40495037599015,86.8843596263946,0
93,0.930478144120051,16,90.77207012174927,20.192889641006282,1
67,0.8300789215201253,10,42.69005011337031,26.27400925834157,0
42,0.6263789664367274,16,57.56569422568771,21.795070226715843,1
98,0.6061406854516986,3,91.20983013704526,74.04266971428173,1
80,0.6244284833974522,17,59.34250640204152,21.304775183436032,1
48,0.9581622842060111,2,18.54517574165427,65.40511127801261,1
51,0.8662028215401343,8,112.75100796889976,71.30650531695444,1
78,0.7855927037179136,15,58.68025768803429,82.84245912179732,0
62,0.606689260583662,11,9.778128729246784,54.39182500078955,1
100,0.7941035827861523,3,109.14914119320414,58.6247347350431,1
92,0.9796381228022144,7,35.03820431501641,36.33338757862256,0
51,0.7249803102512649,1,112.32929679410748,69.3311110160499,1
83,0.6766163839834735,5,65.77475275707906,70.7957302294837,1
68,0.7013164683548081,12,12.484515444579417,76.68071961665507,1
64,0.8288152767194997,14,74.03479090727335,46.40118050717338,0
64,0.755145283248863,14,64.36277755065228,54.34623086713559,0
74,0.9007573547001329,20,88.62443799189494,48.71929646059923,1
47,0.6111254613676037,4,52.943011826724714,85.61338045167751,1
96,0.6825863136575309,16,12.627048701428022,87.22947039666757,1
82,0.8136057625163312,11,75.7193042721633,78.28942968298882,0
51,0.9636240343332156,15,46.83123595785007,82.83125208626842,1
46,0.7637848763279073,20,72.37804141013152,61.489149579833615,1
44,0.6412571349654148,8,36.304553837052566,75.74780855858063,1
57,0.8069507296955305,19,105.23516057094764,69.27233407626676,1
75,0.8402223233544064,8,8.534794904909692,92.07586840261216,0
80,0.7934887389151488,3,28.003269778984247,35.068368147646076,0
77,0.6540426876658822,4,112.82732093146299,33.015123000809176,1
95,0.7405893188058968,13,34.59534663439555,78.8715297886018,1
64,0.9610079405073962,14,104.09141029956989,36.44843859191562,1
65,0.8369523566083341,17,100.58883316617327,87.39286570387962,1
61,0.9323374067017197,2,97.1480154230892,90.66580168534291,1
55,0.6924331998412575,11,111.51096798415371,90.76229216799594,1
53,0.6652057472058971,8,10.024558664088383,71.07436901563142,1
96,0.8360929357034802,15,109.81201587305068,48.10245871457565,1
52,0.9303226965518885,12,55.851281283925,30.210683071589358,1
98,0.7002848021709276,11,102.61115580915119,70.96896491493455,1
48,0.8421367963806912,13,15.495837314931928,72.375465880311,1
85,0.8594668855452157,8,111.88342100150604,92.15106963000156,1
58,0.8877657530556959,8,113.7012637121217,27.808290637658157,1
88,0.8385578282877167,16,110.13628380313251,87.8289083491955,1
88,0.8590172028455438,6,10.192905028332925,46.73449575663754,0
92,0.9294543922632527,3,50.728089334174214,36.86725383428645,0
54,0.9564040838007076,12,106.6978401735376,39.685721853625836,1
47,0.9030121371380653,15,84.65774118055806,53.465277078034006,1
80,0.6416041212801495,11,91.27775586263192,70.12580705401862,1
92,0.6541164577911031,20,56.25267880244465,45.61071843893657,1
62,0.7053301474368346,11,82.941561947124,40.85827452494584,1
56,0.6248608979031548,11,55.89062787440008,24.45945332766122,1
54,0.600790688708105,12,36.66241059041661,29.552220637735743,1
93,0.906040082645182,14,80.24412003787224,72.28857332198189,1
85,0.8508353202098193,4,89.66809063807041,59.8991797505626,1
85,0.7667149095916693,19,76.56058729760778,44.08410275856045,0
45,0.850786451683339,6,54.151260126367255,23.121767679280318,1
89,0.7950026602437041,14,79.55398137525796,42.68616292620706,0
89,0.6733963814189668,7,12.212198499849112,75.18345008681496,1
72,0.948724425089775,19,98.09656387963126,23.058143782953678,1
100,0.9153225217698917,10,91.64649744818344,78.72425745589311,1
91,0.6067003964641292,8,70.86863988715429,20.544362951073836,1
75,0.7871940974842979,14,48.503481082598036,20.834151381686453,0
69,0.713056297165822,5,34.38672219921081,38.11134692100305,1
82,0.8052530954257338,0,66.50111456079236,70.64175363938274,0
49,0.9131866387478481,18,84.9729250308194,60.446353975597866,1
65,0.6277104101564154,17,59.1802433320004,78.59840670561701,1
47,0.6612118759708456,14,107.23878540505616,40.63681373201363,1
75,0.975439687793892,14,81.99751683879319,49.53711845751037,1
92,0.6988367165755274,9,20.568853637497902,83.49753391273146,1
62,0.9796859547339414,15,7.888223978240186,42.078274574249534,0
71,0.7582688593345297,20,46.16407527992438,46.19561087295392,0
95,0.9711283375865234,13,88.88425722445433,72.95490133681164,1
43,0.9083126089540239,0,18.159807994512498,24.577431368265792,1
44,0.6665920961542964,2,90.50253912577728,21.649721725444504,1
70,0.9737509690366679,3,56.81172092577465,50.52486654114645,0
76,0.7540747100255444,19,54.89538102702668,34.526974289657325,0
97,0.6423593820589091,10,36.9893392468842,66.9875146733861,1
85,0.7761250577158829,1,116.79799367401372,76.54023202004171,1
88,0.9216545375025165,20,14.440000853591108,60.88783091597894,0
56,0.7389491022822441,0,102.69642649770817,34.58165220165339,1
100,0.7968254976260057,14,93.15808339351393,47.58121669616912,1
87,0.8466832611905162,9,117.67528704515573,66.71778473108985,1
73,0.7083506418664132,4,112.30033308757612,31.114487202675654,1
40,0.7028201747867158,9,30.707439546230397,63.02841517974527,1
62,0.9228725285875914,14,38.46166897397492,66.16072942871548,0
55,0.9786812834282514,6,73.56808247710423,27.65605370964138,1
89,0.909723877201017,18,89.48625810395016,81.92135253047363,1
68,0.7368062912156181,1,51.83795650525639,58.182434341967706,1
89,0.8296041592275474,19,58.00148830891378,75.69207397506617,0
98,0.8083815465985151,16,65.874468582963,61.91819308092692,0
88,0.675407459650187,11,5.797605844246448,28.380245173789863,1
68,0.6255719445934609,4,23.576983014026975,39.32350650851447,1
87,0.8868164880077612,1,63.46379071330316,76.15975872366975,0
68,0.9188593997139215,15,101.92626961426251,55.87523506757137,1
72,0.9652704585812082,7,35.62428846153492,72.2781082802116,0
43,0.8551049976185119,15,95.16334138424276,74.74172543802547,1
74,0.9714557099194059,16,38.0046462056173,35.645110315845294,0
60,0.9074511400794132,17,68.81421638544332,37.453972563594334,0
44,0.783322711386289,16,106.84232789868011,29.086342852523618,1
95,0.865598606810178,6,80.40150596529361,32.45592281915336,1
94,0.7492243434723953,19,60.773038797141965,23.814090885291264,1
100,0.6230713790660204,6,39.93575192228971,43.489298634295615,1
72,0.7766027593410741,7,116.81680778723472,80.76585939303334,1
60,0.9378841543682608,1,32.03694455705326,26.033053443572513,0
72,0.6515223756812685,14,111.1928973984958,88.45023261763858,1
88,0.9457104599116577,7,51.29869771691711,88.7106426337773,0
98,0.6299793586439756,6,51.670060591868584,58.952300012572074,1
62,0.8565383655198411,7,24.269557871540552,65.37265521822084,0
89,0.9355139647014186,6,74.5258248651588,64.7229752053916,0
68,0.6304529983543575,9,48.77701719661801,22.7714162123009,1
55,0.8699381701652411,9,47.150072841831154,93.94241258117269,1
55,0.7305821606164306,14,13.641053727198363,92.33749886213596,1
65,0.8191245438146741,18,44.54705812547005,29.42925064570951,0
61,0.949738888302554,0,108.89908940602358,54.523458201703754,1
83,0.6144467549914754,13,28.558214116540054,86.97460186797056,1
59,0.6281689877603891,13,27.85643558397394,39.47671429778455,1
95,0.7574173466520002,8,37.24839159024092,34.71529811470864,0
81,0.670801737183441,19,50.64039791422444,46.78111967018069,1
64,0.9460967944958043,8,18.827845671258316,23.78306768536858,0
90,0.9710774476055157,2,60.58612979616049,30.033751000849563,0
90,0.9302343041381684,9,114.65400710935279,92.71855070264279,1
94,0.854345341612315,9,6.433168112615234,26.49511328300625,0
79,0.709847006043482,2,91.59858543851036,94.81645372378422,1
76,0.7191275101640585,14,34.31575628020839,51.145382707737355,1
96,0.8133280359641597,1,19.656685732270226,54.35174632277631,0
80,0.6893597100902076,3,31.00855927054193,48.100713636517796,1
45,0.8965524735173307,16,30.692820184298753,69.61456808291803,1
80,0.6669855262061445,2,42.01143119521569,78.8632113378212,1
77,0.7040206158153556,18,93.44193212195412,92.62048647326138,1
67,0.9663746830011939,18,74.72047624051343,78.43538317434675,0
71,0.8490305830311449,12,49.73394021831042,24.966870237221812,0
56,0.8897737445420932,9,83.46634231859744,37.76065862123703,1
66,0.6103348877458059,3,57.3549709479048,67.57653400948637,1
68,0.6759657023905398,16,90.85119337767168,44.67094650407377,1
48,0.7013785742218586,8,119.08307175238292,70.06282583450533,1
41,0.8465634746147113,20,104.68355338778318,69.59890752344015,1
63,0.8452790406854773,4,22.81549614063507,53.04105962816224,0
48,0.8834963699295597,13,50.973676625676084,64.1038930606556,1
41,0.7829961449577458,13,88.715016398344,50.913659355345814,1
42,0.9347344754610403,2,10.390507741286267,88.75082134247842,1
97,0.6864627057264714,9,71.71319569408767,72.18129276382274,1
79,0.7894654974672262,0,81.6687279951923,50.68364980643961,1
67,0.8269987157418386,12,83.01747213917784,73.48703853070228,1
53,0.6122871046758186,1,80.31785738739666,76.18598869888228,1
82,0.9366845565763995,5,89.1391435071631,40.314542392801826,1
78,0.8661218497305352,2,109.5409572762842,41.56078199837505,1
97,0.8660665956033076,6,76.7456892974458,88.44187352453694,0
99,0.8638911587103274,5,52.24528206788951,88.63323477465785,0
64,0.7869876798572237,5,86.1658796315797,48.11929865812957,1
48,0.9257191037720265,9,58.477003134002736,28.584933675050962,1
60,0.6763883147726579,19,7.692245836469027,26.07460066811652,1
73,0.9062629582771107,17,85.84516270997958,44.817632610274416,1
58,0.7994601232452376,20,67.73455039163915,94.41276326180788,1
65,0.930141778931797,18,108.56642601778546,46.14334895883168,1
49,0.6728638703109234,9,7.478307168929554,78.5028889690864,1
74,0.9305788208718593,20,55.417595944443434,84.16379062050213,0
55,0.9534773409608576,9,113.24563247083589,69.7660650946691,1
72,0.73678112853159,16,32.81898184290152,81.16176644641047,1
64,0.6062956435811432,9,57.335476528244186,54.125212566815996,1
48,0.8647718514678702,4,96.01356128953876,79.502411806547,1
76,0.9040376258868914,15,63.64073998920305,40.563444685592955,0
50,0.6061174695048916,6,46.13693790457941,50.027793054361524,1
67,0.9173478905002703,4,96.97908807989732,68.13477776374042,1
41,0.8870435016718382,13,100.67859626998089,66.87169262033203,1
63,0.6707615863380433,7,56.67692930158534,44.135222077466324,1
90,0.6783629637641846,14,34.978817641574736,63.97403693418999,1
45,0.6684528117898754,7,64.59882012345233,85.6215226426478,1
50,0.89349054470042,13,64.1558143653995,88.84706858626186,1
77,0.7243252113969713,2,12.989645608169262,58.66555236489731,1
61,0.8426401547545814,17,47.32972117741489,73.32361457993733,0
92,0.6404181089833787,7,104.08986590904783,77.48496548487887,1
83,0.8970570174605847,1,47.452611350419744,56.65839558323365,0
55,0.6912802469756979,18,64.44365188928774,36.80009212860489,1
64,0.8625690739411046,20,88.8143112278138,77.59444144962316,1
91,0.685410870137326,1,37.05351194171192,46.21202157494123,1
56,0.6196729552130236,20,19.380657625819012,88.91765807300946,1
92,0.9319694940270774,6,112.84378049359937,36.43851050669912,1
85,0.9303891748238045,6,108.11431491963543,88.32977783404881,1
41,0.609330160956555,7,100.59498268509604,60.065707824315005,1
100,0.6864093115141868,18,108.4062198307181,88.87334992720085,1
86,0.6524775806024329,11,91.82061255364427,33.79283125564094,1
66,0.9011398022900732,18,66.64748247313523,28.64603485123461,0
63,0.9723412734958388,0,11.968155538841874,61.963535864344394,0
55,0.7461342277020038,7,20.503281357261073,50.54758248102715,1
75,0.8525751849172114,8,84.41798523554723,30.268549378473377,1
49,0.968464711870165,20,107.82660548940143,47.31222043606069,1
50,0.681198829241147,13,58.89790357871211,34.53092899833631,1
53,0.871004735999307,16,42.83158234282695,93.5624791144766,1
64,0.6492119083404858,4,45.891132366774094,92.5023662472754,1
99,0.8680906770121466,0,56.95313887770888,66.47192065583812,0
52,0.866156204823773,16,58.080675547911994,22.75423476915931,1
49,0.7041785629521771,10,17.658370076461374,94.60400268796892,1
55,0.7053725056013511,1,26.763934540005973,33.46831888552,1
45,0.8473602756658634,16,63.23904065871331,23.713489679378224,1
94,0.9657166683542332,3,106.56716587510745,87.3993459083994,1
95,0.8522841815879219,19,72.94496300340964,69.08388191960054,0
41,0.7938687923297844,4,40.31039352792348,66.46682004893216,1
81,0.9500194178792103,3,108.0950663905639,31.56895036227518,1
41,0.9062603862524595,6,85.14606895701209,35.556572149677436,1
73,0.6822878606775321,13,25.272341931663767,61.874453962930794,1
51,0.7003426876647973,11,36.02959123297418,64.28079289811009,1
92,0.9486420409777099,3,89.13519726099013,63.660893184623994,1
90,0.8077127735184032,12,102.86449127161126,21.242725753398823,1
86,0.9111139949953906,19,29.39837866165756,26.918125092259025,0
56,0.6112900564311966,8,69.32420412056206,80.46244972359727,1
64,0.6816915200018888,3,50.803779415836196,30.606284694215656,1
79,0.9698897570127845,18,91.01820556029169,53.73307273168983,1
96,0.936266483555159,13,106.8487777008751,36.33668839461295,1
65,0.7295117504990473,1,6.1082369579575975,65.87430974708238,1
41,0.6568865427346727,2,84.08484462358675,49.913729970553206,1
79,0.7421676754137597,2,104.4878849225052,53.50404198555383,1
77,0.7532114398076377,1,57.679434562949545,33.296759427297474,0
67,0.654268670050531,5,45.55475588021577,92.85605261529645,1
65,0.8812954094089975,7,90.8957812913331,27.885175237260675,1
89,0.9006096919367079,12,57.99688331862521,44.71125873215304,0
49,0.7211474044036963,8,12.527234381095905,52.31299753372409,1
89,0.7967072686383228,18,33.86360402040813,70.63223662742764,0
60,0.7968970885162515,0,116.13076831151035,52.6094234709094,1
76,0.752638522849794,20,14.387606144808215,56.865569572217886,0
51,0.880633992751547,8,13.002929926390468,27.627139536741325,1
65,0.8547622832912254,5,94.88001412945407,49.80734667906991,1
60,0.6595681205109785,9,63.73601084839025,72.99706922680373,1
85,0.9617278946141644,6,15.669235037519195,30.055092874369244,0
58,0.7244833795999581,18,46.27111326573477,87.6592449055594,1
97,0.6754670262608079,2,67.35890716785323,49.574194213089584,1
46,0.9237306116146689,7,75.56445661854384,87.6411147345053,1
86,0.8085105571928971,0,83.67502096199013,42.49677064755183,1
75,0.7954853891471754,1,51.91789639852003,87.91396008985404,0
79,0.6122557649114876,7,84.11647298503561,83.26120266379844,1
61,0.6755504589216256,1,24.74051855185792,42.9294905148557,1
62,0.8981912579469089,18,22.402692064165798,43.5071536632076,0
57,0.8749559322997922,1,95.4134799892293,77.97504534316728,1
94,0.8186716999626201,4,28.72894932947538,43.90563937015151,0
80,0.8233768107749704,10,101.32617027684711,41.80542543138405,1
70,0.9484026344723112,8,36.631315627841374,62.21416769098751,0
62,0.8249092061140151,1,22.562278531047376,28.529147166907137,0
67,0.8561004064355477,11,103.49387147651787,92.04946407940913,1
45,0.8381800515364585,2,78.21561269253628,63.632924140770115,1
91,0.927213386495752,4,109.95723916212394,37.689757848051286,1
97,0.674526657240873,8,65.76735122294977,85.05525595755022,1
60,0.953584934998688,4,5.322913441102213,86.79324197028552,0
99,0.6341908794680489,10,58.378329527661215,43.25996486166317,1
45,0.8585419957366661,20,40.203692990821104,83.72342192651223,1
86,0.7001348171370767,9,58.836448865606386,87.40815947432579,1
55,0.972544390023119,16,92.25398899514684,44.91750982841339,1
92,0.9329237514247775,10,102.69736401079152,40.83138629130055,1
86,0.6928753243017636,5,115.39191102110334,54.04621807925043,1
84,0.6907143367430457,12,53.30654441044285,87.65815747939027,1
76,0.88759087046858,14,47.78093856934283,68.46682580234133,0
67,0.9205183173422246,5,99.74901628703216,28.862155470275667,1
68,0.978361197332678,1,31.325205404285775,80.4160559841167,0
44,0.9064284394238996,9,32.38420116229942,80.97764357542522,1
51,0.9191363058593801,9,93.62472525857845,75.74697544904328,1
69,0.6410878252149707,1,119.80535523963366,34.00944671687902,1
55,0.7657173503848396,7,40.239333082188224,71.6702239534985,1
81,0.8642574718692944,20,46.66251698168708,68.34800807730602,0
98,0.6042208741656238,6,63.3987145868254,33.234573051976085,1
46,0.8710295096230183,8,58.18267438139484,46.39057972079942,1
83,0.7366642248930597,5,5.416335820165167,40.39155027360361,1
45,0.9397590354818857,11,61.41711406046609,52.02750853866374,1
69,0.6724358033798284,16,11.589267895380253,28.69112319748026,1
89,0.7588105471235864,12,81.3303144496749,60.21411772349831,1
40,0.9386304812187471,0,42.004553779258984,54.88127880355493,1
62,0.6029034110930869,5,118.67427235910925,36.890655145288534,1
83,0.7794710047548127,19,63.76113505002317,43.69355313551961,0
92,0.6193496199199573,19,68.964347436401,52.682634434680615,1
53,0.9461103049334584,13,32.51699080895396,78.35470402053649,1
68,0.8595444439973856,3,118.88501053656059,66.56812126773282,1
44,0.6297890017406541,8,9.291374423515594,46.72005944665421,1
45,0.9273324079947622,0,53.97564553375366,84.13133405595632,1
92,0.9706437273591559,0,104.1520780336065,36.65338979908336,1
60,0.797889060756194,19,88.75979328037927,44.863096624055515,1
90,0.6452928113253862,13,62.95316963070632,93.51253771378153,1
66,0.9773951172115489,3,101.30810840243838,37.45204074613032,1
95,0.654100602154654,13,43.45316097302102,21.495555180188234,1
88,0.682039938997329,2,77.53415157409982,62.050647307740846,1
92,0.6749625245212908,12,30.300768247656467,45.06235611498957,1
65,0.968876149459376,11,46.738599620704676,70.92772532220107,0
62,0.7634816791102349,10,76.1920962264959,94.557584333355,0
68,0.7262970958656656,5,40.07089663218762,72.55124181554547,1
48,0.842269598243742,13,32.74530946918063,44.38905420274321,1
74,0.7620007890649471,14,36.74802716797747,28.94387205283984,0
86,0.7482622586112663,7,11.910446996464866,54.62139473713948,1
99,0.7649803855012458,3,17.458557137597815,74.4280770036269,0
80,0.6473922952839466,8,108.50723045595925,52.00468416309978,1
57,0.6823904158057167,12,51.5265003908123,78.56425036879307,1
76,0.6082250204605315,13,70.14418513607116,84.60778692266844,1
53,0.9623979632307622,2,17.87514348290773,25.634095633838896,1
67,0.6159687122969397,14,91.5941733634618,90.59159689829056,1
94,0.9573258769212831,13,104.09818166490945,36.82204968233866,1
87,0.8254040509343769,11,66.22806290480514,49.62185846137603,0
63,0.7482359478236735,10,62.65575776491885,93.25741017015298,1
96,0.938699147572594,12,54.859919286571994,87.17648027216329,0
41,0.6302034842193738,13,69.00170286715725,56.733803564591696,1
59,0.970084022937143,1,37.31768627616318,31.179151104688074,1
56,0.6702075921750301,7,28.994062792688904,86.34562852810167,1
73,0.9687213230632401,15,77.70592666130601,43.177201135130346,0
70,0.9002715574797183,18,67.53778448904387,66.25312008498364,0
76,0.9356457188691356,20,22.762199130277786,64.8164089107005,0
94,0.8426868441407441,20,29.001035233761517,72.89170940163172,0
93,0.9642001108892748,15,28.544709601554622,35.554093957967275,0
68,0.6729129220151207,0,43.76462353783508,64.4507937609774,1
50,0.7783181462524251,12,72.42966125105454,90.5769370651766,1
75,0.9765826979578707,3,119.50713551115155,89.93101934929919,1
45,0.9640340519697199,0,36.90332189583043,85.09571601715245,1
93,0.9704368998469897,20,65.2389653130622,81.21835333707205,0
47,0.6654619555351846,8,73.86189433124075,27.765498925845808,1
61,0.9599585027731463,8,33.14875423631865,68.43532996144043,0
52,0.6087948906939075,8,39.44951761474225,82.48089595702567,1
57,0.823139976716349,16,31.098604052408543,61.70664492887024,1
78,0.7065473929554487,20,88.21750227030827,79.26769987901713,1
96,0.8445007334048819,8,11.597278431663966,92.15359216745726,0
40,0.710834713690113,15,48.65932400660352,32.568345322297574,1
96,0.8772884211917478,18,47.98908155189383,76.16507269760343,0
67,0.8369142530887245,19,99.48765968446543,39.44948100732455,1
49,0.7870625526159057,19,27.918540822416258,89.02362722065976,1
86,0.8208666115277321,0,43.80348728541398,21.663081596026547,0
61,0.7600375657715333,16,11.814592822505562,58.90470569561449,0
82,0.9222482623513473,16,65.66116106773438,27.09209260374981,0
85,0.9577066946784537,8,64.17550829185775,91.16864625361912,0
40,0.780245851251457,13,31.854748482370347,66.89861720344959,1
97,0.8398952700515597,9,25.016763430382376,68.42004459990056,0
97,0.8752122345144193,0,43.17798107069347,79.77477041752306,0
91,0.8525021256086651,13,91.09982693672823,60.5979688736438,1
98,0.738528402988018,13,112.79786039559644,77.92232034966611,1
77,0.6708252220309445,12,106.80111296594885,85.96599926648877,1
49,0.8466414517713471,19,10.187206809261092,71.25062449165237,1
69,0.8032797337208096,10,79.6018946840073,44.94042118858183,0
58,0.9631059137192655,9,48.855569017787474,25.4860436322678,1
92,0.6450537971209398,3,96.76916932158692,89.81569331290804,1
53,0.9532340228003644,12,80.29316737280097,26.90194437346962,1
67,0.9601617181706624,5,41.33617485514599,35.43212216825973,0
67,0.7057740994655393,19,5.553970461416688,78.40017856064267,1
78,0.9663717541148664,9,84.69046487831783,77.38366907224089,1
73,0.8865153519318834,13,92.10295235989022,89.48640902109814,1
61,0.9227847101256674,14,33.01190634052158,31.286192032788044,0
58,0.6126262784633233,2,78.23325084441407,68.9005278724064,1
64,0.9489941105650403,11,36.834638815058824,76.51895070723913,0
68,0.6056515724789523,7,102.45044791078378,35.25027646599516,1
75,0.9281821916343882,16,23.482683590453487,93.63776965050887,0
48,0.9072340181054144,11,12.656427920728348,47.28111054008228,1
85,0.7709931768988522,6,17.527690858816708,64.51624727859621,0
44,0.8593922976175445,8,116.47490874260198,32.24479995770911,1
67,0.80846104425605,17,21.419334312007592,45.79675492157591,0
69,0.7401763005775946,16,55.94441315545812,76.2319628282088,1
60,0.8801824656004476,14,112.30177584636361,82.0408349517869,1
58,0.9283191786754669,20,20.510710668160762,26.52765059877548,1
48,0.7962336550804832,11,7.857150123662337,59.683868809319094,1
62,0.8830121447353813,0,97.10363250671118,24.209866822512424,1
67,0.8421684465159427,7,102.50671013571421,81.42028164857797,1
64,0.9379508919510517,14,109.23634308178303,90.4832870152664,1
46,0.6458601251934712,3,57.06518291255816,42.5999450687444,1
85,0.7131165841254514,0,20.739812457344414,22.354037649957867,1
75,0.9781403752286557,2,92.84852065039404,45.042277879829825,1
68,0.6458189330198906,20,117.85579265022575,63.41146552233349,1
55,0.6603743984457002,18,72.7769266531859,59.463867083008665,1
77,0.9673294186968565,2,63.270655604017755,54.616134499252134,0
92,0.7335746387404554,15,96.71489408157261,59.165879134468035,1
53,0.9370906063670272,10,87.71552103909568,58.135168278698714,1
90,0.7066661221917042,20,65.90524903926178,59.57217835829183,1
79,0.7265595562544772,0,63.76793270778691,64.05434062937628,1
73,0.7765486097636504,1,69.701503449556,38.042994531524656,0
41,0.6985363849236738,6,14.594498118573812,77.05098614352218,1
68,0.7282857267252173,12,7.632354779046219,86.39161471499105,1
62,0.7150169566957639,13,75.5789471476238,70.86838302793572,1
96,0.8231986611790252,5,39.41621582703669,94.24695661969471,0
65,0.7340943009400935,4,57.72957008814958,57.66829148361896,1
71,0.8166552055260645,12,98.64629015237716,94.56592724249136,1
62,0.9477888451593328,0,30.062867706782306,36.08826299996464,0
52,0.8216417646971435,13,22.647004401906337,31.196470645088198,1
82,0.8741773428301911,7,29.906363289916477,28.907695435462532,0
49,0.7372856690245378,20,51.24757375460875,79.61901157693953,1
80,0.8236410698831276,15,67.91486576148498,63.689210807282706,0
81,0.8516975030474958,0,67.33821345630665,71.34045120969321,0
69,0.7468166701600177,17,55.19932481116127,36.75987399614378,1
98,0.8622823446761942,6,12.858340203507778,77.9111240612416,0
49,0.8600514790663643,3,92.4921534786056,42.62728573373733,1
77,0.8978439121455615,16,36.22184479760241,43.24676942329491,0
41,0.9125556157745045,18,108.6311126116938,48.54302688121183,1
45,0.9423569012165908,15,73.53073750773102,22.28368410780315,1
49,0.8614838693756388,11,54.57542102033499,81.41335669632713,1
86,0.8419369230133673,9,74.16845798753033,75.78592469655351,0
41,0.9573418061825705,18,80.23013870281268,65.02517388664876,1
64,0.9226829742752523,14,117.51222200465878,94.46517526878769,1
78,0.9669362562716141,6,18.716236665680256,44.00472064029252,0
48,0.721901768054038,14,55.83785438193609,38.341851535910344,1
77,0.8357549992995044,16,27.307224899782877,53.01330673577108,0
43,0.6924010690947742,6,117.01529571321315,20.2076591812693,1
68,0.8833356173972555,2,63.67212657038157,64.72464038747695,0
94,0.6370583612204042,14,50.28036994530793,37.92564284956539,1
86,0.7185331000727825,0,35.95669900528091,71.71194963134833,1
80,0.6365675992167117,10,18.92986432844048,26.642374278880546,1
57,0.797880448396057,10,86.96239779375976,71.80607240176428,1
68,0.9555399173247585,7,39.270366958311755,21.189174006661585,0
95,0.9779431342877711,1,16.98628763062117,89.38030126346442,0
93,0.7922418332916489,19,95.33567592386791,21.69796209487869,1
100,0.9594339514740997,3,88.43653592954252,49.66639613291332,1
65,0.6306074778627684,15,63.02123148929722,56.76044978965095,1
84,0.8321322856833011,1,55.181474249431375,37.91285740330021,0
69,0.8286870389059638,7,56.00912141538145,35.95624978943046,0
97,0.6737903476357243,7,16.55415438133993,68.91877278673712,1
91,0.8126477050836886,1,73.16208719649254,81.37555591680069,0
48,0.712365810303482,4,60.95276796327175,46.18691769001385,1
60,0.6695505579470812,17,42.7011844731495,28.892521101630546,1
79,0.9626320783534944,7,18.523858244863522,94.15620950417842,0
99,0.8784173935659462,8,16.039870675010327,50.052529152186764,0
56,0.889036765966303,15,48.423856332941085,79.89000634203532,1
49,0.8264154028176705,3,86.35563574059796,28.865844558321868,1
64,0.7774240105624465,5,42.67122168447268,59.39486053871043,0
97,0.8726621462703101,7,38.777602007739354,50.783101948614416,0
56,0.9747019460874295,19,110.75812205254557,44.56956362249798,1
59,0.8085903067775135,0,119.34115260708671,44.619913870491544,1
47,0.8513032370073792,4,72.24456162671044,29.833346952546506,1
44,0.9167336881443975,9,49.46469355379393,63.45378513363292,1
86,0.6464488721669723,11,5.740903906734213,63.546938266428825,1
98,0.7622247636332695,12,43.44850404706667,82.91913169311864,0
90,0.6488354803888049,19,5.843933466641157,58.90904129480171,1
66,0.9391853342347619,13,44.82373778915088,84.466663794088,0
83,0.634329873285547,4,77.14750320813273,52.12425935458421,1
97,0.8987392598985098,17,96.92520075608878,92.21154393353723,1
64,0.9081023669164141,4,98.77153601851249,81.50220166917045,1
66,0.8387695553598504,9,42.356763672563844,48.357702140291735,0
76,0.6969036266333775,3,101.77617103102372,71.83967702609206,1
99,0.7401444560748328,12,63.941645998726564,44.81957297808294,1
90,0.7962431574367606,8,15.064802558674263,80.15975277434406,0
81,0.8213411011754365,2,95.3263292821952,55.41351127970653,1
48,0.9192319155920944,6,40.96140301025096,47.07182418544211,1
66,0.9399017430690435,0,56.313037952119124,56.32733514594192,0
98,0.708545729120881,6,55.595006264193685,70.34948784214632,1
64,0.6871291337406831,20,111.59430521771013,35.70185852721121,1
81,0.9567288744415061,6,104.2158867573198,34.98012435037962,1
68,0.8667091905836176,4,69.50074667698877,70.07022561083505,0
78,0.9132024019721751,7,81.58452053453608,31.218796023036298,1
46,0.6559628089412846,18,38.97411308967803,79.20608297458742,1
56,0.7754905289221417,4,46.90257778856235,66.57726368546179,1
72,0.6933965236439372,4,36.00602587552128,72.00366648461059,1
52,0.9583698233935172,4,116.83502183012575,62.39607563970153,1
65,0.649694877886178,9,88.98185572460025,94.59836165527317,1
56,0.6128475079678202,4,18.69417210375302,90.24659507358388,1
50,0.7257090256205143,1,18.177014733919332,53.24893051834949,1
53,0.732388592326861,13,40.305087463504655,30.743534942990813,1
84,0.6549934107060603,18,74.45668306977147,29.092429633498824,1
40,0.9433116475722263,2,41.65002301413474,59.06109572130013,1
90,0.7090766795415177,3,101.50480536771757,29.589894946552644,1
100,0.8901142846052494,8,111.04832984427726,34.37668388503995,1
85,0.6591822805403,6,110.89501248990254,26.37224600203583,1
76,0.8880101662495361,12,45.93967005911411,69.76579794544358,0
70,0.7531854615853785,11,11.601896808289755,82.23148930775122,0
92,0.8377503091212519,0,39.671504162106224,51.07234570495689,0
97,0.7171653035707826,16,117.32431903598518,91.78003578470262,1
90,0.6535154622836257,2,112.81356243700294,91.22183208637416,1
89,0.7087254565519052,10,5.424815488125054,62.82136655678384,1
67,0.8511830238783056,12,53.07925484232856,83.56545721913662,0
92,0.8569533835278772,8,67.9321370969432,22.444303214000083,0
48,0.8702465268286683,11,83.94303852937429,31.706668137005423,1
73,0.9182386207440225,14,109.93387235490701,51.264664778376215,1
54,0.7483238071280061,20,82.65192922471198,55.29351548092991,1
93,0.8486420926383129,9,77.87244421008239,20.908440816513487,0
100,0.7948933373349708,14,86.89294662372329,88.60361738328825,1
40,0.8286422601796721,1,96.45433413998,22.611402924842718,1
59,0.7135636853258014,17,57.604862694481824,67.3063274206715,1
83,0.8688697614188565,17,70.87572170132997,58.2829087642434,0
99,0.8730581205738086,12,45.855471107860815,24.323081346994034,0
55,0.7149682812126501,7,112.91817385634714,67.47031476482613,1
48,0.8201593051308729,15,118.23127450551218,86.85153879184621,1
42,0.9482338125152271,1,59.88823878764966,36.35382203832839,1
60,0.9707914733960876,6,56.22169754824193,32.184066273712176,0
68,0.6599595560801647,14,33.8430637585255,55.0711708479079,1
88,0.8009021972733724,2,40.68266440406936,66.5965729830433,0
46,0.8472362714091873,1,68.4237985877996,83.40405548654809,1
86,0.6141639843782628,6,119.36993987770038,71.9724308146443,1
50,0.6748526233869724,15,9.699676879872227,54.364603312739156,1
41,0.8385660224501433,5,112.02392694412474,83.1971313232656,1
77,0.860936505261278,11,17.72187308058295,76.03937139760684,0
72,0.751678704765689,10,53.36992362100952,87.15528454023652,0
74,0.6696446617241585,4,104.5601491078726,44.92306327664163,1
81,0.6602531247996833,16,9.669008478517533,73.34176835485658,1
100,0.8547638963838846,17,25.613843836473386,82.1870418198234,0
68,0.8434596215387187,7,88.9102533555771,66.77698053929518,1
56,0.7301739433955671,6,57.89971061129703,81.71970664131192,1
42,0.6402452835911465,11,51.70315142763985,49.27610922274704,1
93,0.7162579182477345,7,95.1029377966565,57.60299599201207,1
69,0.781295146901974,4,102.36686854533338,26.700188043237915,1
88,0.6804052421348571,7,103.90223785627364,20.316768213012143,1
79,0.6384944674141938,16,88.62436454206639,74.19062781682742,1
54,0.6928630566270144,2,44.30353792623835,65.65642663930419,1
61,0.8925663623180382,10,91.15977129958472,75.27720949482763,1
98,0.7972083163819014,5,60.909813021398385,47.66054027031287,0
94,0.8597114178111783,20,5.583639145187787,39.0907021927062,0
64,0.6798801561609997,7,74.37012570458515,54.5808782061952,1
59,0.6656601610665192,6,52.90817220793911,65.90303605651006,1
60,0.8955984594117534,5,19.769647004089066,20.668690295200065,0
81,0.9418789004717004,5,87.7862871209564,24.074758421909277,1
90,0.7203628795361334,1,50.503051686437445,82.09149901070288,1
93,0.6432301097373022,1,87.65389300865095,89.51776362098083,1
44,0.7779159275674736,12,21.608335643194238,23.528327577342257,1
44,0.8717562349536983,13,86.53263792777845,43.411554461406126,1
89,0.888511100590939,6,11.05049218492844,36.122593746970075,0
64,0.9528759606758759,7,58.1362549823607,60.291849777571755,0
82,0.8976779207887068,17,26.93707302111945,56.51993997188386,0
84,0.8622484091345362,12,41.39954950941663,73.99527987651797,0
60,0.7824128918207062,7,16.987128385287967,43.97624500150745,0
72,0.6455478261866844,0,97.81571241514358,35.73063668802029,1
97,0.6982325449382845,18,87.20608343350624,35.07996034665798,1
58,0.7932337845077009,2,69.03346011467367,52.45189433674399,1
77,0.7580085017385176,16,60.72835960150506,60.483484571815204,0
51,0.8421663666562627,1,38.90137498471526,83.00408932205403,1
53,0.8006257091929856,9,76.90252721223713,74.59104496788379,1
78,0.648446558202095,12,6.359287828168226,22.347610559853045,1
72,0.731072639863494,2,93.76421403041428,31.25357734945802,1
83,0.887440210676635,18,42.025736740155544,36.31150358043821,0
42,0.978537654670044,5,55.04221976590772,82.10929001957429,1
46,0.8667477091344986,18,72.8705646900819,56.77032809240852,1
68,0.8581596053508324,19,30.73800000456666,53.71691506202359,0
87,0.7041827213166718,7,100.66136151236806,70.2403647432453,1
52,0.907378625422496,9,15.489872603952335,49.655932774420506,1
47,0.7534309136196156,9,99.62505512349283,50.76655338809534,1
95,0.778809164471389,3,69.55125948875943,62.79794279115011,0
63,0.7835448150854545,10,29.357162012008526,20.94077439611509,0
65,0.9483046497015543,4,118.61462300534333,88.08113333191673,1
83,0.9118437136835584,17,72.42993257341686,76.403143058079,0
42,0.8595962679686437,3,106.85587500552545,51.55119872371061,1
47,0.6551135556437011,4,97.16070190688224,81.34874679403622,1
78,0.6267060351125414,19,32.85809346929878,89.56098660681984,1
52,0.6253483812820027,10,104.79376357867402,50.63694076234842,1
70,0.6659226997927399,9,46.53899293541439,22.334777021425413,1
96,0.638899773410359,16,104.34248117554361,43.74378677573404,1
83,0.8441598665580609,2,92.0084841056214,36.64224395369993,1
54,0.812129826827009,16,93.07651867747913,40.149639728376805,1
93,0.9395091898006726,14,112.03492303873401,65.73069717716407,1
58,0.6864853744418641,20,46.3604007204294,22.328634423508433,1
48,0.6575482533924423,8,45.28217721656955,83.6996245937749,1
87,0.6252273390549876,4,12.678036238597315,31.434328625656878,1
97,0.9125439844439875,6,17.446435184038908,46.56417941122548,0
75,0.8988317389769631,9,26.039989737754528,65.269667562093,0
70,0.6782397362023842,0,93.05942292350088,43.6019027036446,1
89,0.9488947422581624,10,62.15143985891746,88.86279518476859,0
42,0.7977047856536095,18,6.487250919229526,75.40258701869391,1
61,0.9698399060407275,1,64.43216355039053,50.989004634823644,0
67,0.6571785343855951,13,68.67867887121595,43.95078543809105,1
53,0.6765944211361696,2,116.841090256554,40.645143910800186,1
77,0.6211840862961311,5,119.46582756249349,23.46713395977457,1
49,0.6571527158577463,10,103.12659084796623,70.665558386788,1
84,0.803177534470315,4,92.31476419627737,56.147047998896085,1
59,0.8852690461819267,1,87.49334920370835,59.19100043775375,1
95,0.9377856009416947,15,54.247949656186975,28.719518107621028,0
88,0.6876795801334619,8,83.07846650050924,62.6363040779251,1
77,0.7354098719430264,18,67.85239831124512,52.401243025439705,1
61,0.8791422862434877,18,78.14863192363372,63.1046043592727,0
68,0.8664220367607949,17,50.276612846219024,58.86439073351338,0
72,0.6288653470699207,8,87.23671906564323,82.33314004369345,1
48,0.6970755051973754,9,41.21103905816752,26.014520259640516,1
54,0.6915837601876128,13,87.43557382591071,46.521808065527495,1
89,0.9301479821558241,1,67.06923697612211,65.85192132894119,0
76,0.6501290317103352,4,5.734016593654442,28.847315197532573,1
40,0.8685141430944863,19,68.70379186007128,76.1898526815452,1
41,0.6091149847542474,4,8.79079775542281,93.22222894855506,1
65,0.6904891171768354,11,41.2448124133995,52.84115426240512,1
54,0.627843741011009,5,119.33557900392994,57.663839277964286,1
100,0.6163055925131957,15,12.28896085991916,78.17724383071253,1
65,0.7882925906802886,19,90.96391782428691,72.58604514912048,1
100,0.7111882164667915,10,110.90004354325629,69.34293828857898,1
50,0.9092373635359945,13,40.67434149518106,54.9734485483163,1
73,0.7259943416073656,20,106.40048095813383,44.40598917105211,1
59,0.877482503876639,2,54.92087485479091,64.063195349885,1
72,0.8805830431609862,5,97.26626446425279,20.861434625220035,1
48,0.8047450992650241,4,62.18216327064874,93.93563533420807,1
58,0.7233050827145668,8,46.41168776097929,52.09849441470903,1
76,0.8546474114621495,18,17.715951265222163,30.45509403006819,0
52,0.9403005017312265,16,43.555427441137404,43.20054401264009,1
93,0.6205374924267006,12,67.56885883976103,91.80060572646934,1
71,0.7858568205849533,20,116.57058780613727,75.81822379012223,1
46,0.894235649031174,13,89.1989670038731,69.56293353960743,1
63,0.7375240040083465,7,80.44577125502751,35.60551760602192,1
56,0.6002046543633965,14,41.10945752880578,65.97666149309342,1
77,0.6202486426087523,12,10.567903651913403,55.67898480457985,1
46,0.7912306031414051,12,81.32186775103007,75.86301064982996,1
54,0.9056696550726449,16,78.53991666210885,74.79915051544165,1
90,0.8995978995821263,18,86.59139538608797,91.21677192134322,1
52,0.8749181026879429,1,106.76103812403802,55.965064272501934,1
63,0.8898516343015997,6,53.833077950212775,41.934400983560565,0
76,0.620017785012392,6,8.511639644257087,56.709723597282455,1
45,0.603326901037933,11,42.957967033015244,62.61668402459361,1
54,0.6702595037394898,6,62.04507248119887,59.931304413378875,1
82,0.8644361933970806,5,101.21049088064616,70.97488063062283,1
50,0.642090273174744,5,79.57195579338463,43.107070985270695,1
56,0.8818875197190139,5,54.227191970396575,52.68897599912612,1
57,0.6143281306517273,5,68.8214850004484,94.45220122193494,1
92,0.7216690340130423,6,9.382902971306983,64.37690102477038,1
84,0.9014222071423774,3,18.44544638353318,58.964230308012745,0
76,0.9041691808503044,10,107.73140821148284,33.72613623926228,1
91,0.6352517473375124,19,29.286615651430015,59.27726917493814,1
59,0.9770848134866426,5,49.82445835717145,49.55749686899949,1
90,0.7222118096706557,4,88.33247937338187,60.8505996751936,1
52,0.853882888772615,2,29.52389511109314,69.69100497225176,1
92,0.8384967475599167,11,21.49015572569973,76.15023633851459,0
41,0.9741507924286277,10,12.409844399765202,85.01533651994595,1
68,0.6717507984668488,16,92.9634286826064,85.72411808630063,1
70,0.7555918501773538,15,37.283148098884475,39.23666032276124,0
43,0.8251029375549319,19,108.93031522634821,80.64244564405851,1
65,0.893238906125061,3,68.92929389791337,63.64879393015752,0
96,0.7543573138502266,18,119.21234792525662,20.512284836408135,1
54,0.9437249562982007,14,42.26630847661802,56.04366895767735,1
40,0.6594157198717288,1,72.68778308733434,63.10506469421796,1
43,0.8045528498376655,6,6.129525710493517,90.35351186054118,1
50,0.6300364744760476,9,15.163684245484937,88.34640743414748,1
73,0.7898258538068357,5,31.631486291719767,61.557448962853904,0
64,0.9594668770859531,5,39.77640881145953,79.34199806017901,0
77,0.7414054159204908,13,72.65537070834651,77.78026060306125,1
44,0.9064870057697494,20,93.31825577532256,30.446272964370664,1
87,0.8821198589593606,1,32.846882094355735,85.37320288016205,0
63,0.8598465321777606,14,78.87003455386834,36.01966151664294,0
78,0.6489489454578169,10,89.80269513590333,25.901720379422397,1
83,0.856157736217654,1,10.992220122376349,93.42413156083684,0
84,0.6905276515294246,12,61.490984056464164,36.80383470312509,1
46,0.7006087395695171,7,95.09251575526918,36.22146881897618,1
49,0.9241252091225325,9,87.2838578118525,79.75568780546178,1
46,0.8721145982314857,2,31.360494631158225,69.60115190462241,1
62,0.7640688711809445,10,112.96602815638424,48.61306405283011,1
42,0.7748203674494789,6,14.65466081154215,59.60826843592544,1
93,0.9604539416751079,20,37.13565525782439,63.878841818358715,0
50,0.8845589983676786,11,84.69078512404921,27.422095953216527,1
59,0.9042474321644467,17,95.5150476918648,69.79931473140405,1
76,0.9394079690643221,3,29.996538270811236,51.02762708505348,0
84,0.6819218399853638,0,66.96739829886246,80.15249890243776,1
93,0.8300168471448034,12,35.63513398838381,37.239342177909805,0
88,0.6748393193443605,5,71.62714452394269,55.50767390276006,1
92,0.6147157800473081,16,25.18429378466921,24.52607874162592,1
75,0.9118606305863444,10,21.948324353798004,30.412817277561143,0
80,0.6927468511251755,0,109.18024169569604,31.516182961254376,1
43,0.8509639010452874,15,68.13430880850203,53.46740185683809,1
64,0.8338261881337857,7,34.625102103037506,24.5734259104086,0
64,0.7224556277057764,16,7.020845691325631,64.25996585586455,1
99,0.9485559769412613,12,52.92289224206616,28.25709225684927,0
91,0.7659590238113758,7,88.40772522097677,54.43874714654626,1
100,0.9684535892802801,14,22.543403916940346,52.371325712093984,0
57,0.8483679780040253,20,24.060794004573168,57.21909939191426,1
41,0.88562413192134,18,56.78551594422736,41.301111810040176,1
56,0.6951071053897648,2,47.62549374214502,93.04742478090935,1
96,0.767905387213523,9,103.75675092876928,88.81473366872207,1
40,0.9483213671349955,10,11.197516074655288,72.02225483537394,1
40,0.9292854464438576,19,60.18904368314625,69.35788427246149,1
66,0.6055535447396656,3,118.84892472236494,54.6017726389572,1
44,0.7173040480184143,20,113.68284835009449,32.55925497341448,1
81,0.906016347728788,17,68.07596061137261,50.33384852598867,0
55,0.9377909432487188,12,95.9747915129356,32.35699182459282,1
56,0.7041892108257731,4,20.500534304230197,28.746531275345134,1
80,0.9699512453992623,17,107.42968475721172,75.28342039645453,1
77,0.9029468479640053,20,82.35635419648605,26.042784759177415,1
87,0.9793339250074447,18,61.57543700632184,32.56543842698157,0
45,0.7624529370470348,19,47.56431435748521,47.564440130506966,1
54,0.8152160218753635,11,96.9259912465528,51.32305445743996,1
93,0.8032528883055656,8,37.09181541340429,81.17128229020292,0
53,0.8785669091507924,14,70.58826943742869,24.88463181412923,1
81,0.6945550910917696,1,85.57060587813866,24.234105907518483,1
69,0.66551756903912,9,64.6757964716567,48.033470716182734,1
84,0.6610773611346207,12,58.9766893769608,36.74167988736639,1
77,0.878549102383188,19,91.84264704636486,71.46804503371962,1
53,0.6969048831749783,7,25.113137592289867,36.299515582177506,1
46,0.9067718090716138,15,81.44732639921824,77.08065372047658,1
86,0.9535141343322436,20,70.2064113905309,68.2333090500284,0
51,0.7925376128795726,10,16.588076750836457,61.383558880345475,1
85,0.6890855736566598,6,35.02524811507895,87.825679093552,1
59,0.6947899334127953,14,89.14274659913008,77.10355610260297,1
71,0.893833099693532,14,29.863477569955077,20.516487602067564,0
84,0.7568125051620789,15,72.70600775305672,32.068930078219374,0
41,0.656317537712074,10,90.73849382222413,79.45399459016775,1
73,0.6147508219594001,14,66.71204308475276,52.9203861130673,1
53,0.7889380426920263,12,21.805070825320644,31.82188572162992,1
43,0.6500209483101508,17,111.90593529850906,21.100309887393824,1
62,0.6291389996956444,5,119.74790567600806,47.65724436793814,1
49,0.9557146256144019,4,56.525214720835585,58.423679862191776,1
65,0.9058733239188308,16,114.88343089331019,39.004164083921324,1
42,0.7674534627976337,17,67.11633850216965,87.42941142911434,1
60,0.7668409575827994,15,56.04401748844763,74.69684893334883,0
86,0.7111426802086426,9,30.483412169004676,76.28368618115103,1
80,0.9483213992567505,18,104.9766154735735,72.93924629087329,1
91,0.9266080202166223,3,98.18996088402675,80.46833976331925,1
84,0.8789048422878465,3,114.3578316636641,65.05555548090715,1
92,0.6407264383893455,10,103.45709165419254,52.0108598125032,1
68,0.7934331683485515,8,35.47237744162779,70.52092590342755,0
41,0.6516229408143427,0,64.09005701146702,46.985656017228514,1
56,0.891906857159867,8,18.452819082323828,94.8799667984097,1
90,0.9636628857323166,14,83.29956622358726,62.316452504768016,1
44,0.6437802791533671,5,24.20104815439372,35.684404634380456,1
51,0.7588064200963542,14,118.9346568481185,39.28003220843356,1
100,0.9055770114154449,15,56.29278152377093,27.517898256521658,0
90,0.9499628690844139,9,12.89978217252979,82.99978682750096,0
67,0.6717065571525596,15,44.83078340059401,44.34741236905224,1
98,0.719730281969332,5,58.52884964403057,73.76123484060305,1
93,0.6354029156419337,4,33.13505247099209,26.672834206489807,1
69,0.9169485856247771,18,100.7886371514235,25.2032089017047,1
65,0.6597115526207753,3,84.16200677518383,64.40258926387813,1
46,0.8143500389572897,13,92.5146265771476,72.63952176537748,1
44,0.8885003962406702,6,62.34659499864243,94.8241418384953,1
63,0.9157993682305714,8,26.56142907687201,41.3644798974493,0
69,0.8921227601985113,4,82.95870243430089,31.740773038471957,1
73,0.7217657111590993,20,71.10332748569658,66.40480502830444,1
49,0.8028122503099457,8,97.00824327592434,28.872456828387396,1
98,0.7068424217433075,10,20.88607132769233,38.99179897804272,1
40,0.8253494613034907,8,97.46907976928564,26.03225619488662,1
84,0.7654272158090193,20,84.16958115639017,80.31289735530473,1
85,0.9657981560337525,5,26.482547221673165,25.791317090018037,0
45,0.884547705755077,5,66.36778339818667,48.33176053195627,1
81,0.6819156106294515,13,77.31368715069154,62.46396188986088,1
69,0.967137792012087,8,28.794557851612186,50.28625073024539,0
70,0.6530150530261186,6,96.53459113194921,36.341783200088685,1
52,0.6558578095215295,20,58.155897410888656,27.002260792533942,1
61,0.8908371504702736,10,30.003440941243507,64.64000555441731,0
59,0.956886175256781,14,95.01431846598767,66.00386080565079,1
91,0.9484073534995358,16,70.84374708930876,64.6588205603197,0
74,0.6871620446465713,9,44.93083568530284,91.95532262264133,1
60,0.8068997791670152,4,100.27852432894557,86.12010133883638,1
69,0.6905294132226194,2,41.6114473002795,88.25742151030697,1
55,0.8412784721427466,5,55.892397083372515,57.047059139188654,1
58,0.649342015463116,16,104.31549906841785,88.18017286723585,1
80,0.8743492106626802,14,83.30021076063615,81.2756067816977,1
99,0.6261943482163096,15,62.95899891984681,39.73636390909333,1
61,0.6062665253314348,19,72.67638544440426,54.94584661354641,1
40,0.7330547112986169,10,23.76451060405058,36.51140797934707,1
71,0.7586669786720973,18,21.681259097527008,48.02308264113877,0
57,0.6930237272930391,6,14.987968093178246,26.672741267716553,1
90,0.664984263922368,14,54.54918397298656,76.63400196848877,1
86,0.9724211398546099,0,10.30810766954594,74.9598692256441,0
75,0.9226005939608259,1,76.67944769337042,42.81833070413086,0
99,0.8375415200061359,6,97.02841169097934,58.10913824774204,1
59,0.6851334642059187,3,110.66415770625206,39.84759091839906,1
63,0.8007607654101152,1,54.05935773728336,72.27577406505449,0
56,0.7738246444422805,15,71.50386957184361,25.799793187587767,1
41,0.9291199176834433,8,118.05932411971389,42.40701776994197,1
76,0.6116599430522771,8,51.35517437786942,32.42206137497368,1
42,0.76281460177027,7,88.80983953126442,80.53933247138085,1
41,0.8993781602024098,6,35.180715126709316,48.857457567466724,1
78,0.8324936643498381,11,65.00093963534812,94.67894581138933,0
49,0.8933972488027986,14,39.02703007884376,22.452810177923052,1
43,0.9608370556337429,3,94.77608614716925,67.96335568160706,1
45,0.7888454792099989,12,50.70736929652681,92.45097219159608,1
74,0.8269944081684919,10,91.30762976257425,34.473503801148624,1
81,0.7287882973589852,19,68.04489061210975,49.426106984006196,1
71,0.9624738148701963,11,99.51938236339592,28.862804343519727,1
40,0.6154182694458655,20,80.88682061224111,42.58537870393489,1
86,0.8140720878570182,4,27.433005210149325,67.5924655812362,0
66,0.6791333140725739,10,8.079554639899241,75.5307628386785,1
92,0.9643330141566215,11,115.77849989125755,54.99562213966561,1
81,0.7240749282630249,9,107.94962266630542,59.33622734573321,1
85,0.7786033204074966,20,79.44601163851884,22.743770199490946,0
62,0.939382940202684,12,67.61967922278706,55.37282266727445,0
85,0.8638406689279097,12,93.05839880462987,40.070893232654356,1
82,0.945611201308753,4,10.871886472325958,20.356436103843937,0
40,0.7427721341497472,15,79.23460238281766,23.96782348952926,1
67,0.9015853246649239,17,103.65313987127861,32.729513682691724,1
44,0.6892765552770697,16,75.95627787098734,83.73588223537081,1
68,0.7376559901715187,20,70.08531398929662,55.87842254296573,1
53,0.6742222921540664,13,30.48085470908794,84.1014549539991,1
53,0.7057381020388456,17,28.235288347099427,92.19749868617117,1
44,0.68797963255817,11,18.158874140145407,44.487191126446746,1
63,0.6752352529063059,16,17.28672477442555,73.79846027219867,1
82,0.6790389818232259,1,66.47236595311823,37.62815181295586,1
66,0.931414806089297,0,114.30935836926538,56.42059997396851,1
73,0.8397167238437865,18,80.04330915064413,22.115059851573946,1
88,0.9048901334425932,1,40.977939171466275,22.370186665913117,0
53,0.962109664321657,16,46.19632774362313,20.191657597913775,1
62,0.795501131774558,13,116.99838105832491,52.5695225890134,1
66,0.7078198520868462,10,22.7150979273386,37.70694381489055,1
66,0.73198412308249,6,32.631678283940055,22.714989093042497,1
89,0.9063653072719554,9,10.238026076549781,32.34136708188811,0
63,0.9015449426009758,7,47.4492786069661,86.20678261571807,0
40,0.9386793458475867,2,45.20775189946137,76.49027546097275,1
97,0.6606775437995319,6,15.73145224299375,61.138183208566694,1
99,0.9765920608007508,8,60.01630471432651,30.95832442782489,0
73,0.6373274893902348,19,101.478630848391,44.77854285053714,1
51,0.7838102749834673,13,12.60671461911526,23.935290765044417,1
96,0.7792766777886367,11,36.00321994034435,74.83309702296381,0
66,0.6367512044192472,19,59.62887575987076,79.42483148724497,1
70,0.7106046190482533,8,108.25494025603214,51.46905342335867,1
99,0.8267867977037735,0,19.240067220272472,65.91577538479893,0
92,0.8924782463264362,0,79.78310887582418,28.56864457514544,0
68,0.913031858265579,14,116.81863372547696,82.41116600504569,1
60,0.886444960423821,20,103.81518844764094,67.38949444429235,1
49,0.9539700323266223,11,28.38716045822805,50.283537406735164,1
95,0.8734113464665527,10,79.90735187492919,39.006319164686374,0
46,0.6391831870843305,15,62.972765442107864,74.22528352922461,1
82,0.784410313835795,16,58.76305257402061,39.5381324007019,0
63,0.8934077899569123,2,45.40552108482229,94.22013770786701,0
84,0.6559572534939593,7,77.32271553319306,52.74280751931844,1
90,0.8728445001018335,0,71.18462432791546,83.94384368330611,0
92,0.7216319848161951,1,42.195155007212264,81.7204645875556,1
90,0.7766997762232914,13,33.81662345625327,21.65038536179799,0
91,0.8243248321492295,0,27.692994310045062,67.02749900241272,0
44,0.9398145585793269,3,51.69849937043472,89.33088458163758,1
87,0.9175307790371636,2,97.75337106099344,29.757587351196126,1
100,0.6467203062658065,18,11.328267000035737,82.52724521040186,1
55,0.7833270057483591,17,100.49347273877288,67.42844596992747,1
69,0.7156223910415723,0,116.84054715188502,30.97160807372901,1
60,0.9403371760545299,1,103.33710585242034,31.063190048999587,1
74,0.6103004722174747,4,118.28977955162522,64.8301167480679,1
40,0.9611594208075749,2,24.247058168251826,67.67455904489697,1
50,0.6578653023692816,15,22.658409127914638,52.40221193394311,1
53,0.7348055096564721,2,58.630223893691586,66.33627338917273,1
57,0.9687080123793324,13,107.81339940659385,50.70587875383738,1
95,0.7002252575304367,17,101.40604263142052,39.07249573209249,1
66,0.6351753667294304,14,24.84145778001153,45.65924074235822,1
100,0.6399646852814485,14,116.7983540078614,82.10760993415676,1
69,0.6935443765271043,13,59.971636982794166,69.85019589074545,1
55,0.7317111575637955,11,54.0958550939407,42.83243026560406,1
99,0.8699210786599652,13,7.827915080228163,69.72371947691452,0
83,0.8764372269902717,12,12.736998714970461,89.53848716550256,0
67,0.606027024772319,1,36.69039726980748,94.86643369218619,1
45,0.6608921061642362,10,42.89767827536565,46.09657222578663,1
59,0.750577505576357,6,83.97480104015135,53.30241065488323,1
71,0.6072796654384858,6,44.980947005314476,57.25176997362764,1
79,0.7550454175491854,16,10.752778721484866,92.15352173068135,0
52,0.9501563495243126,1,44.91694270837498,44.654020814864374,1
41,0.7163823317855618,5,116.67417631167224,60.09155887158484,1
49,0.628800110976212,9,37.55300079907678,89.47951929133225,1
82,0.9192190480901397,1,91.25766814116888,54.08668563670464,1
93,0.9361218850149269,5,25.24727689323269,56.34273522887633,0
73,0.9111226525640213,4,105.6371719604643,48.44060759303407,1
89,0.9265346188404198,4,32.00433778646624,89.71836796839693,0
95,0.7964260962665002,15,11.740346233533767,87.99911746602208,0
68,0.9010112433620883,18,87.4755661401394,86.25298603173039,1
55,0.8074430186080177,14,39.39460538414929,22.70747803890794,1
77,0.952232858939416,11,99.66267403319893,44.740247292277175,1
45,0.6368401760346015,2,93.11424764558636,46.24226515001763,1
90,0.9052187771813656,6,93.12905787254395,53.76645458865591,1
52,0.9650257970264771,1,14.533175006743042,37.74008937075588,1
98,0.7573485924134558,19,26.878702914002048,81.82044766943275,0
97,0.7182131354501172,9,14.36023849056427,52.58686005748209,1
63,0.8120732710168661,18,80.84854284636522,24.960601564417008,1
58,0.6944671321649241,13,34.48221112271401,71.0178861406208,1
65,0.9361910358160453,16,39.91303271873409,21.884804921900958,0
46,0.9491058016031824,3,108.30540181910891,66.36662787138434,1
99,0.6455893641391757,17,60.20275488599036,78.3063874751048,1
88,0.9001544798796692,10,89.26402112827881,45.935818418203525,1
100,0.9177644384741688,8,72.89059282530329,83.67146710066824,0
85,0.8689334832759933,7,112.26824981882538,27.522249126508363,1
82,0.8226879313117547,15,25.073574844375695,23.41805350642521,0
58,0.9765743663920454,7,54.4879805599348,37.263501256771036,1
47,0.8845225621739565,17,21.759935107901185,88.55177362011665,1
61,0.8481946398044626,0,17.988181483304942,35.53017859452218,0
75,0.7651143697530106,1,21.514953186796877,52.64217487969424,0
57,0.6341576379023509,0,84.01393732382746,58.98371211648582,1
50,0.9437036753066725,17,105.37071577534047,33.88167266149373,1
88,0.7495492408225246,4,99.06435360708457,57.94090482824233,1
68,0.88354179044816,9,101.00377374613902,81.80902421401781,1
49,0.9694272406887989,8,104.35151977107512,20.44540698920393,1
53,0.6200133499845897,13,87.9613891859642,55.95900558663418,1
43,0.6552290285710406,8,17.104691697553363,90.78548667579882,1
46,0.7241943315105611,5,105.8681222010434,26.491511344049993,1
40,0.6137623826663244,7,68.16659738961633,74.08177138891283,1
98,0.7513443916706568,12,72.97902235244449,89.77174180687554,0
91,0.938183169377096,9,28.35680180554493,75.73720173398587,0
51,0.9453932310497755,8,76.32786397446985,25.39262807282372,1
81,0.7727382361085399,16,45.68080518130025,76.45037457670244,0
94,0.7603227414597069,0,52.20120208175205,42.48125952668053,0
48,0.8021673376470363,11,105.04455251454789,89.24826774562487,1
46,0.8884749014254084,6,28.910677592285374,47.803957727347075,1
77,0.7908566658985167,1,90.97655455908128,64.31806418792189,1
76,0.7774956411512557,3,108.40992518689768,65.09751302085849,1
83,0.8175482493131492,4,115.84375240603914,86.90176582371713,1
65,0.7672162399285216,5,85.464935431982,30.71299862829315,1
80,0.6513665464865617,16,79.79973199652407,24.880375061916144,1
93,0.699115982452599,16,65.3860354725785,87.33215355457523,1
67,0.7873041376164231,20,36.64845144637155,77.42270463828527,0
67,0.77255528455634,15,110.45533054317201,57.1713206593944,1
54,0.6722172101372734,3,95.08508307385608,69.53717014356216,1
42,0.7768011624831943,4,98.14164762583796,31.587235411572486,1
68,0.8062487067430022,16,49.56248979618018,49.50873326913867,0
50,0.7546941027215179,17,107.05656869954456,41.957557400964795,1
78,0.7687360853619027,14,68.7281822690868,46.782336939766864,0
43,0.622532489802314,20,69.30282284179906,91.22923357168456,1
75,0.6267576501666167,13,17.001934685399984,33.53439072154336,1
99,0.7855860820522835,7,101.37027671722475,62.75591157214539,1
77,0.7627832705417792,12,94.94366439065199,38.27596589179241,1
100,0.8975862882028398,3,65.18570639156027,46.734100696547955,0
82,0.7731971005570699,20,28.073833901329255,87.56490273125253,0
54,0.8664629904115733,13,50.05849005049797,48.63197559055961,1
57,0.8951953786213593,1,26.653092966695233,41.56110369192779,1
45,0.7472058051489832,11,89.61537689479266,40.142030723792416,1
60,0.9389722181156045,18,99.83308957724121,39.301720920368766,1
62,0.6025357047038203,10,70.29298000834453,81.17905693824216,1
82,0.9564670653607059,0,27.15624120618088,46.151106125545695,0
82,0.7858126826664358,14,76.62952072331018,90.92151336458105,0
63,0.6171040111871318,3,94.60677707254695,28.398708263022527,1
44,0.6482679988174392,12,96.02723988967242,75.35348528526791,1
92,0.8303504251943338,12,62.90947583637972,27.654222723239375,0
44,0.7816657517722723,9,119.89533352281205,80.28445266495817,1
40,0.8570166368081118,2,9.724823920030538,82.52308390830032,1
40,0.718611457861532,8,17.022497083471823,63.016502604753725,1
50,0.697318361196551,2,8.457427921580388,85.76832181587137,1
86,0.9138403229419338,17,103.724447778281,54.613142389413234,1
50,0.8847432331856224,1,101.21065452894764,58.82503214261272,1
76,0.8014204174761344,3,18.290527676073253,47.98308120361921,0
68,0.664760610454202,13,41.618005028826246,80.10091612203372,1
60,0.959106382668448,13,61.924067348338035,54.38310252431207,0
42,0.674094241159288,7,28.585567084441553,41.79259664180583,1
86,0.6456490836261038,15,64.07875335403051,63.610919841833386,1
72,0.8929145158230134,12,113.37036092573464,84.91594542045533,1
68,0.7793620845447323,7,117.0868089227149,61.42175085267247,1
82,0.938142782689771,14,81.23943918909414,37.575631947554015,1
46,0.6293796854232051,5,81.88356844688083,68.32468306195341,1
83,0.9676408806275569,6,79.10186984872665,46.02768817793981,0
76,0.6033098395723197,9,107.92092830389956,80.66996695407718,1
98,0.681766403790887,8,62.768326095396375,48.19048677672642,1
99,0.9525602598766592,9,109.81909518406717,90.01836282993675,1
70,0.809864590609642,5,22.29571061156606,49.38693925112109,0
85,0.6283078692969157,7,72.01360186860222,61.85606051308469,1
81,0.8113536695389869,14,107.57524408163218,83.59977144037893,1
57,0.8057690965298977,5,41.922069642317034,60.447576152257355,1
43,0.7508540550325637,16,36.25768256477198,67.16441899728903,1
80,0.6566948225159468,1,47.059324566947176,68.43813894747284,1
77,0.6074501788887494,0,87.60188419505397,42.78854913442899,1
73,0.7027930577720731,17,86.21994961409601,79.08200399167947,1
84,0.862002950971742,10,106.09332878145175,58.87984440543265,1
80,0.7341097628430225,20,86.07696837265254,92.42242858343006,1
60,0.8357716000101889,3,103.9130835283098,39.88125791546242,1
93,0.8572373700742376,16,104.820064741159,27.50826389351072,1
45,0.8164853723372556,15,21.73115052162794,72.1472557417388,1
56,0.9776899697609205,5,107.18685106204195,45.313307514620945,1
55,0.7476384795776497,3,68.20511237152502,56.3875938157843,1
48,0.6511472192896286,0,92.74099057438866,64.66087559996507,1
45,0.7088988681390614,12,39.06016576550826,56.553459477221935,1
75,0.9237902214548196,10,95.04500131033207,36.98353770335575,1
78,0.8348135402830559,11,79.64601925947264,63.61724408900801,0
86,0.876963859525192,2,97.43175139079415,65.23389380324096,1
50,0.9037962663115305,20,21.11256033164269,36.13919574176322,1
78,0.6417780375393685,9,13.553351330513788,31.63963801730704,1
58,0.7900940579829991,18,108.24870289809384,87.79452199626398,1
41,0.6129731793108927,5,68.68120507728513,59.81713971332561,1
94,0.6671363222482113,3,50.544496690143525,84.55458045379618,1
97,0.7473373041050185,7,81.1480048441719,82.40213509411103,1
97,0.9431142134122242,7,39.65448584578591,73.82812507559024,0
41,0.9328402533435978,13,14.383845998364542,22.787718448492747,1
72,0.9775970971462579,11,32.11590682627514,78.22938581199739,0
42,0.970298143804978,12,22.039393859207966,37.163511654454936,1
57,0.6766112619958479,6,48.10870217782468,65.75633941689728,1
74,0.721063959839827,11,56.9214011501038,58.82207101279404,1
64,0.9007177944158293,0,54.24412889336761,36.183341794195755,0
89,0.8416060347778336,13,71.03563619235481,85.58883151749286,0
87,0.6434629973993242,20,72.7193722898999,61.80900712080216,1
45,0.9271602701085282,11,13.257203934525267,50.613139460857184,1
55,0.9111988482934479,19,75.93957844374235,49.98914630815733,1
43,0.9743669104508161,17,7.208058363955338,38.0343955644979,1
56,0.7524499928232647,0,111.8595149847472,44.286322401616665,1
63,0.8952514110097893,12,6.396652219601931,76.44555788122071,0
92,0.6298613828135319,4,17.532606672292417,23.76392262635543,1
89,0.740051870470869,0,105.37900135500645,43.11207778265703,1
56,0.8079960304966081,19,90.30122583588773,83.59456741712913,1
88,0.9706849389306081,4,117.607222193343,73.8090493567004,1
80,0.7354916877138592,12,37.87010529921394,21.30525592380055,1
84,0.6514105869412586,6,48.00612136975792,38.14753365352996,1
84,0.6909994288695585,4,88.56339883845075,50.81133761792584,1
55,0.6731570407234114,20,74.87221755272452,45.66532616832143,1
50,0.9462912032305397,10,91.33620756537881,47.75023883610258,1
75,0.8609995824433299,15,55.797418830269415,92.7507765896088,0
63,0.8291107334523438,12,52.14490958165772,29.788531863668332,0
77,0.8132620500646645,4,83.42140539028168,26.453990968466663,1
66,0.7671873359905803,16,94.14661536286354,71.46277083636605,1
72,0.7323310886994723,10,109.60551154365682,58.834029341808595,1
60,0.710344141753846,10,44.211232185990426,74.9687490533507,1
55,0.7156515940761156,14,103.54154431419668,60.63676865297333,1
93,0.789823619224727,19,71.09280761855545,85.47963018596617,0
99,0.8349926742238262,18,23.104067850659426,28.887648409534343,0
89,0.6014739553671526,7,52.86861202435996,40.17391985971231,1
41,0.9026207635438168,16,73.89674912870986,91.6858494851068,1
82,0.6085393280240137,18,56.107547504169744,42.929723910144595,1
64,0.9039771118364982,15,60.364155585384616,68.06303111146141,0
53,0.6547086683931396,10,12.041726638032005,40.19804149652008,1
58,0.688816891693583,19,108.75302390053692,34.572752820561604,1
45,0.8680017916346623,18,28.720471899278223,58.86301372199506,1
55,0.7792244080621809,11,31.761469681487053,26.11647684723321,1
55,0.7087139392947537,11,5.676846752553411,30.73103552017327,1
57,0.9190800219224955,5,118.94172654700317,35.041952835578904,1
60,0.7947389781920214,8,32.73254988087922,86.40314860763135,0
57,0.8259525825296594,17,45.591203695071584,83.15854565436709,1
76,0.6185185839777861,13,90.12369594517878,26.614267565684397,1
76,0.734454787733386,8,81.70191869119246,52.84476876531522,1
67,0.9087256081294931,19,55.19724485950884,91.40340045234562,0
66,0.7469313614729126,14,117.89414015800685,43.45827540941313,1
87,0.8447162381521865,11,38.79584480994639,80.90034568881887,0
73,0.6883604812190716,6,115.70835986406546,94.48889155899916,1
68,0.6633722148703245,12,59.81447216264223,86.86544649589034,1
80,0.7358757548890826,10,11.109047191987196,41.15231450277189,1
