trust_score,success_rate,failures,latency,cpu_usage,memory_usage,failure_risk
66.0,0.9396551724137931,7,87.55374231230746,44.86311792711695,26.9889935680316,0
75.0,0.8985507246376812,7,89.02404126141114,39.55751006176367,34.157544781342104,0
76.0,0.9066666666666666,7,47.43431550961168,49.46931986382867,56.01166564027608,0
75.0,0.8985507246376812,7,90.64819652608011,31.26841073173808,32.20193674597361,0
87.0,0.8617021276595744,13,25.1266920246528,59.42572208693703,65.79035500130458,0
81.0,0.9324324324324323,5,62.09878459906032,40.01976476942357,21.204882002677373,0
87.0,0.8617021276595744,13,24.239025319253656,60.85295386367592,70.42166397786139,0
66.0,0.9396551724137931,7,85.26378001706122,50.55891977811411,30.21853515156552,0
81.0,0.9324324324324323,5,60.19622782428801,39.07154793900747,28.417106347724783,0
66.0,0.9396551724137931,7,88.14836094478233,56.65122269796262,31.17383626077289,0
87.0,0.8617021276595744,13,23.03173136573945,54.7180386342961,64.49682130328362,0
76.0,0.9066666666666666,7,52.24654606579413,40.17849813016819,51.74238018564977,0
76.0,0.9066666666666666,7,47.83992824348712,35.642221098109154,59.259599801308326,1
81.0,0.9324324324324323,5,63.23068267042907,45.25752333634786,35.96885209506405,0
87.0,0.8617021276595744,13,18.48796837593268,62.16998477930545,64.66151435129233,0
87.0,0.8617021276595744,13,22.832572812701613,60.045902663426205,69.3920611208873,0
87.0,0.8617021276595744,13,18.227524446152483,54.36491177309571,71.25635923467223,0
66.0,0.9396551724137931,7,92.28057785314822,61.79693642024579,23.356078600540187,0
66.0,0.9396551724137931,7,89.69643380664085,59.17372813692232,21.457093788877845,1
77.0,0.868421052631579,15,53.30793025145538,52.99358085590072,49.46278698982244,0
77.0,0.868421052631579,15,56.83353334135074,54.200002584051056,46.84544332617743,0
81.0,0.9324324324324323,5,61.24589200024048,44.47585692607028,41.61449478151937,1
76.0,0.9066666666666666,7,50.88276122720509,41.51251150855313,62.65946246376223,0
81.0,0.9324324324324323,5,62.25576088271308,36.66318689674685,45.53019937151093,0
81.0,0.9324324324324323,5,66.32337095086837,28.16010023323852,52.98819384862676,0
66.0,0.9396551724137931,7,94.49572595945898,55.09426193953048,28.074333782639712,0
66.0,0.9396551724137931,7,90.96115124144563,62.27581569842107,30.76439230766566,1
77.0,0.868421052631579,15,58.72625570628504,60.93926318815557,43.707440590358566,0
87.0,0.8617021276595744,13,15.908060144871216,63.00677869414773,70.72784877178692,0
87.0,0.8617021276595744,13,14.223456658995476,65.04181668683177,77.34665922806542,0
77.0,0.868421052631579,15,59.36900649914964,62.98626966642756,47.21023864705531,1
75.0,0.8985507246376812,7,92.99758851654498,39.231263446033566,38.545409641454526,0
66.0,0.9396551724137931,7,87.8411201771163,67.7425313181314,27.980920925804096,1
81.0,0.9324324324324323,5,67.93286464822219,24.944257368779063,54.425179468847645,1
87.0,0.8617021276595744,13,18.500980316769155,60.78710689535957,71.575870001241,0
77.0,0.868421052631579,15,56.24848231776735,64.2032907313187,53.99304580080255,0
77.0,0.868421052631579,15,53.96520088994157,58.79602761408152,46.98193189602889,1
77.0,0.868421052631579,15,56.76492742985043,57.05605237820428,51.20272745159706,0
76.0,0.9066666666666666,7,49.99700020397205,35.15232436259259,55.37015371418851,0
66.0,0.9396551724137931,7,87.00263779339801,69.30332562525766,29.59705357592936,0
66.0,0.9396551724137931,7,85.66469405474471,76.56282143764892,30.405133495361817,0
81.0,0.9324324324324323,5,71.67974672043033,24.30900002732396,55.54796750003623,0
76.0,0.9066666666666666,7,54.08509311996834,40.06323365286925,61.40492821754106,0
75.0,0.8985507246376812,7,97.29779741315062,49.15790262125638,36.575061373508994,0
81.0,0.9324324324324323,5,68.16254821960949,29.55434091161716,57.53793542490254,0
77.0,0.868421052631579,15,59.77904435636663,52.68138549727047,43.32230914262148,1
81.0,0.9324324324324323,5,63.69071933369979,29.614138398627954,60.08283055648219,1
76.0,0.9066666666666666,7,55.60932317735775,34.38137362105369,62.20979165924156,1
77.0,0.868421052631579,15,56.13549979339084,55.92667476292085,49.70315984474907,1
75.0,0.8985507246376812,7,94.8458095494856,54.45491064057666,34.076122811461175,0
66.0,0.9396551724137931,7,82.86414441569704,67.64300015092691,23.532754523666,0
77.0,0.868421052631579,15,60.1168951991585,46.95094179432496,57.23622211259526,1
66.0,0.9396551724137931,7,81.63053478578075,66.6153004753779,27.64129461451929,1
77.0,0.868421052631579,15,61.77247082920236,43.80068248478196,51.841044724886046,0
77.0,0.868421052631579,15,58.87914631400128,51.65697273042515,59.01281413231065,0
76.0,0.9066666666666666,7,59.99825754157647,25.946471899793767,65.16648358163371,0
75.0,0.8985507246376812,7,92.53302657769042,44.60145919413609,42.00151495952936,1
81.0,0.9324324324324323,5,62.544050870201374,28.587276053563464,60.80626068441069,0
87.0,0.8617021276595744,13,20.086766947469613,61.12556973476466,71.8568287776833,0
81.0,0.9324324324324323,5,61.48803879892287,34.759834515285434,53.90911629636265,1
77.0,0.868421052631579,15,55.53343820227081,46.58560976587488,52.06950883321083,1
87.0,0.8617021276595744,13,18.848129106161405,63.4684946815124,79.2540673962338,1
76.0,0.9066666666666666,7,59.9999270162481,23.533934722661183,71.97332349646675,0
66.0,0.9396551724137931,7,80.17283512863658,59.5102536926205,24.043068424042485,1
75.0,0.8985507246376812,7,96.05443130946942,45.23065802040623,48.92885900940222,1
76.0,0.9066666666666666,7,61.862983338096,21.46155539208108,64.13702805610278,1
81.0,0.9324324324324323,5,63.34656052954952,38.02861982573993,53.844264817041065,0
66.0,0.9396551724137931,7,75.99047027874066,53.48238016847288,26.802652838416705,0
77.0,0.868421052631579,15,51.27061591580813,43.908447182627135,47.289768339147,0
87.0,0.8617021276595744,13,21.510688364782247,63.150094302428656,76.83657650754047,1
81.0,0.9324324324324323,5,63.63679975700908,31.80153668270588,51.9429455595824,0
87.0,0.8617021276595744,13,26.016959639431228,53.30894302668813,79.80889226384669,0
76.0,0.9066666666666666,7,65.55795413083703,19.72183670708824,65.2141587732617,0
87.0,0.8617021276595744,13,21.09586451687616,61.03728887705648,83.40572294509604,0
66.0,0.9396551724137931,7,75.26847982401809,43.53789587535557,25.498143002000013,1
81.0,0.9324324324324323,5,62.80254994099555,33.433475011959,58.36768826412519,0
81.0,0.9324324324324323,5,58.91348598482736,25.556075843895847,58.557413475833165,1
77.0,0.868421052631579,15,53.8580721099637,53.61662518356259,51.728853098252365,1
76.0,0.9066666666666666,7,65.14492118185656,19.203702073744296,63.4346730685122,1
75.0,0.8985507246376812,7,98.70874499567678,45.949419205208216,55.1797435069214,1
81.0,0.9324324324324323,5,54.574580631383405,20.627321911195864,61.27320365034244,1
66.0,0.9396551724137931,7,70.90079856291845,36.04216598197589,26.549896686039567,1
66.0,0.9396551724137931,7,70.02971471988153,40.290990836379024,25.85526496310021,0
75.0,0.8985507246376812,7,93.7659704827516,44.73980149191452,58.73119007196208,0
75.0,0.8985507246376812,7,98.26100997487876,45.14983197893759,52.521126066902575,0
75.0,0.8985507246376812,7,96.86793037253108,43.39928630320071,45.36606803854535,1
66.0,0.9396551724137931,7,70.61778277467504,49.2181619807821,32.0752818978103,0
87.0,0.8617021276595744,13,17.988919562007244,54.97079107401069,78.30321348830195,1
75.0,0.8985507246376812,7,101.71223080520376,34.55913851166004,47.87449161213031,1
81.0,0.9324324324324323,5,50.28683942434719,27.24391072894661,62.24601455057774,0
87.0,0.8617021276595744,13,15.799988588170349,45.934376025367655,83.0849759711408,0
76.0,0.9066666666666666,7,66.10591912241395,15.756555767309596,57.55258292832772,1
81.0,0.9324324324324323,5,47.87085199848986,35.49506721022114,63.37547841869376,1
77.0,0.868421052631579,15,52.78719335675708,60.33854571749791,58.055515185236814,0
75.0,0.8985507246376812,7,98.86480393400046,27.981348943661565,41.69441514351798,1
66.0,0.9396551724137931,7,67.93593272480169,52.47809818930268,25.17078923047294,0
77.0,0.868421052631579,15,51.641337871910025,65.23593592336043,58.64046546537763,1
75.0,0.8985507246376812,7,99.73001861389324,20.07382445748373,46.77587852395039,0
76.0,0.9066666666666666,7,68.97051837224608,22.97635058093132,57.504032824855855,1
75.0,0.8985507246376812,7,98.11964851672948,29.537392440922822,51.40473201107395,1
87.0,0.8617021276595744,13,14.116574944377644,45.45304673237196,85.54764140472548,0
90.29473684210528,0.8631578947368421,13,17.733646013719493,53.812554831972776,83.52064915616177,1
89.25723684210527,0.8541666666666666,14,20.995044040680703,45.23678055745812,81.33427479134546,0
92.54074199674444,0.8556701030927835,14,19.146307669933936,49.14546307613647,88.31384260035844,0
95.82645628245874,0.8571428571428571,14,15.20853807172455,48.06221496761479,88.63367043045393,1
94.77191082791327,0.8484848484848485,15,19.599813791487662,56.26708604133196,80.6973535210136,0
98.0469108279133,0.85,15,18.08280859283841,63.11166195803259,87.88836363961369,0
100.0,0.8514851485148515,15,15.871156301262817,67.20071233592375,93.2051707677632,0
100.0,0.8529411764705882,15,12.89797842522704,66.80386235233031,92.6546024259783,0
100.0,0.8543689320388349,15,10.594347494051672,68.34581786804671,95.0,1
98.93846153846154,0.8461538461538461,16,6.044378431948581,62.235687591995216,91.44609849686766,0
100.0,0.8476190476190476,16,6.355709916196216,53.5648596523404,87.80586198602609,0
100.0,0.8490566037735849,16,5.0,45.5767468826433,91.7794570127612,1
98.92336448598132,0.8411214953271028,17,5.0,49.76459437716292,95.0,0
100.0,0.8425925925925926,17,5.0,50.62805765117753,89.46941839199098,0
100.0,0.8440366972477065,17,5.0,58.51594750230751,95.0,1
98.9090909090909,0.8363636363636363,18,5.145404747499659,57.80159751414221,95.0,1
97.7955773955774,0.8288288288288288,19,5.0,51.60206651403625,95.0,1
96.65986310986312,0.8214285714285714,20,5.0,46.976012720683045,95.0,0
99.8943763841994,0.8230088495575221,20,6.55431682122695,46.1026787382412,89.67177179359895,0
100.0,0.8245614035087719,20,5.0,54.56567607304276,93.13768390991906,1
98.85217391304349,0.8173913043478261,21,5.0,63.84945313667467,92.87435404507396,1
97.6832083958021,0.8103448275862069,22,7.276236946452228,59.0435694864791,95.0,0
100.0,0.811965811965812,22,5.0,52.06323965141867,95.0,1
98.81525423728812,0.8050847457627118,23,5.0,54.506312604403966,95.0,0
100.0,0.8067226890756303,23,8.759524344897503,62.67437935588423,95.0,0
100.0,0.8083333333333333,23,6.823672065157627,68.04367664006556,94.28682516675536,1
98.80495867768596,0.8016528925619835,24,6.444351837578322,77.79899992812446,91.62089666842586,1
97.59020457932527,0.7950819672131147,25,5.0,77.89678721402649,85.01767447073159,1
96.35605823786187,0.7886178861788617,26,6.571541989215631,72.72286239628819,78.4464223483993,1
95.10283243141026,0.782258064516129,27,6.594332685234362,74.41144419924532,83.5759251623991,1
93.83083243141026,0.776,28,7.030128634819153,65.20745405669044,84.76566850361604,1
92.54035624093407,0.7698412698412699,29,7.507932499518667,56.40354697819016,78.44685551859911,1
91.23169482361124,0.7637795275590551,30,5.415367298033513,52.64898351204223,80.1023229661848,0
94.38013232361124,0.765625,30,6.08894817096687,53.76601788561302,80.50948843925283,1
93.0592020910531,0.7596899224806202,31,5.0,58.96581932414247,75.72077610984232,1
91.72074055259156,0.7538461538461538,32,5.0,56.0548505188722,68.90726903294527,0
94.85432833885108,0.7557251908396947,32,9.50227531816638,61.83711343980952,75.73030577741731,0
97.99069197521472,0.7575757575757576,32,9.17484652460129,59.15319423669924,80.69488702090379,0
100.0,0.7593984962406015,32,13.558533540254473,66.46691382942538,74.50270056916786,0
100.0,0.7611940298507462,32,17.249979165966337,65.47429887493891,80.46009536139543,1
98.66666666666669,0.7555555555555555,33,20.1571337763419,58.84819878994506,78.79457953148874,0
100.0,0.7573529411764706,33,21.101090999657064,54.72222282420578,82.13076227177072,1
98.65547445255474,0.7518248175182481,34,25.61112778564117,47.97917917588234,85.10370452754734,1
97.29460488733736,0.7463768115942029,35,21.450225508768167,42.65909163438434,79.77102448922969,1
95.91762647007116,0.7410071942446043,36,18.22690013889129,33.56152558141476,74.55025597438124,1
94.52476932721405,0.7357142857142858,37,14.46412149484219,24.852180629148627,69.54471907814829,0
97.63115230593743,0.7375886524822695,37,9.962590047280129,19.80158504292951,76.4822807742018,0
100.0,0.7394366197183099,37,8.606240580202513,11.591459709356236,70.87802627475729,0
100.0,0.7412587412587412,37,5.0,9.118076495955652,68.14647564473466,0
100.0,0.7430555555555556,37,5.0,6.7406358694977,70.0522319323539,1
98.61379310344827,0.7379310344827587,38,5.0,10.925422517473809,72.09548871817837,0
100.0,0.7397260273972602,38,5.0,18.42389249511008,64.46274636691653,0
100.0,0.7414965986394558,38,5.0,23.402367974253387,59.19042523483523,0
100.0,0.7432432432432432,38,7.785357296017697,13.77871731549169,51.65252631915181,0
100.0,0.7449664429530202,38,6.453552255135421,11.36999972378714,52.41791622979911,0
100.0,0.7466666666666667,38,5.0,17.800556105227876,56.585371079084894,1
98.6251655629139,0.7417218543046358,39,9.115969808697685,15.327383872268747,62.79888468557646,0
100.0,0.743421052631579,39,5.404003544086977,18.25660832549508,62.212947366915344,0
100.0,0.7450980392156863,39,5.0,26.8573010027194,59.25357742741512,0
100.0,0.7467532467532467,39,5.0,31.686261725449853,61.2709543249047,1
98.6258064516129,0.7419354838709677,40,5.0,23.96659045219164,53.84435013341167,0
100.0,0.7435897435897436,40,5.0,32.29856930783184,47.622347286126605,0
100.0,0.7452229299363057,40,5.8052415715389145,29.161524811003552,44.47832044362287,0
100.0,0.7468354430379747,40,5.0,32.87476342229721,36.66395212896761,0
100.0,0.7484276729559748,40,8.489892163266145,34.129789321573355,36.64007375233341,1
98.63125,0.74375,41,9.486419560570967,39.29290809413976,35.14993393989079,1
97.2486413043478,0.7391304347826086,42,11.206120567490707,42.16028632829369,42.10785719774177,0
100.0,0.7407407407407407,42,15.358940269626462,36.04078306603113,38.82854445168834,0
100.0,0.7423312883435583,42,14.369673493703484,32.583616370953585,38.43130948710524,1
98.61341463414634,0.7378048780487805,43,9.887245099376528,25.063589761159484,40.91319714855749,0
100.0,0.7393939393939394,43,14.7310394913804,31.936058195124097,38.85777443438938,0
100.0,0.7409638554216867,43,16.173837765211296,40.35101076260449,42.85152531095168,0
100.0,0.7425149700598802,43,16.657326764265107,35.38154587848945,47.23565308407791,0
100.0,0.7440476190476191,43,14.720407935496416,28.859508722794985,46.60206960542901,0
100.0,0.7455621301775148,43,14.51388641687137,19.528695125629863,42.374809073088265,0
100.0,0.7470588235294118,43,9.861840595547816,15.595110561623812,50.01533130610336,0
100.0,0.7485380116959064,43,7.109278603155842,7.886585441103506,42.40275142049311,0
100.0,0.75,43,6.10868869774136,12.340262929626608,35.86768941327708,0
100.0,0.7514450867052023,43,5.0,7.987577313650323,42.20274163260396,0
100.0,0.7528735632183908,43,5.521111590821871,5.0,36.78839831908362,1
98.64571428571428,0.7485714285714286,44,5.0,5.0,37.25417254591139,0
100.0,0.75,44,5.0,14.507581937719934,31.70663452473493,1
98.63728813559322,0.7457627118644068,45,5.0,20.498325744006195,36.435971414712526,0
100.0,0.7471910112359551,45,8.264150674698366,21.49657744864732,40.51850615651827,1
98.6290502793296,0.7430167597765364,46,12.756246167356991,14.118523137062477,37.48405941575076,0
100.0,0.7444444444444445,46,13.793466764733315,15.74825978354363,40.28074039004761,0
100.0,0.7458563535911602,46,12.04728793567943,7.114598709158624,46.27544030922272,1
98.62527472527472,0.7417582417582418,47,8.76918924381962,7.687897347000144,48.74964302252727,0
100.0,0.7431693989071039,47,13.089125661030552,5.0,55.95781945227575,0
100.0,0.7445652173913043,47,9.771363730472968,5.0,53.98336010297195,0
100.0,0.745945945945946,47,5.908561698954221,11.085016653679864,61.19221921447367,1
98.6258064516129,0.7419354838709677,48,10.72063869736667,11.575247741439792,64.83052958959844,0
100.0,0.7433155080213903,48,7.820329640376177,11.65239938295081,68.92094981575852,0
100.0,0.7446808510638298,48,6.265169912523209,5.0,73.02625405753072,0
100.0,0.746031746031746,48,8.868624691648902,5.0,73.91831660096443,0
100.0,0.7473684210526316,48,10.660311764425664,13.838204918282418,73.2790928326651,1
98.6303664921466,0.743455497382199,49,8.279652161488455,10.285754556225314,69.8975157664492,0
100.0,0.7447916666666666,49,5.0,16.799359744169056,64.16731707801834,1
98.62279792746114,0.7409326424870466,50,5.0,20.803394960795583,65.60310917621594,1
81.0,0.9324324324324323,5,46.95344403678945,32.99079315337798,68.69591014119698,0
84.39999059756597,0.9333333333333332,5,43.04078700611379,30.602155185576425,72.86091289247575,0
87.80129738541375,0.9342105263157896,5,43.1137404335634,20.93208501467024,65.38205858334815,0
91.20387705178814,0.935064935064935,5,45.017781178252186,16.618550151409103,61.41449318488992,1
90.3731078210189,0.9230769230769232,6,40.71674811938105,17.675468900419265,65.55317124911106,0
93.759174940289,0.9240506329113924,6,36.56405214368462,14.13367814419456,60.96599296880402,0
97.14665737294582,0.925,6,37.21578468827684,16.20796599259506,64.13067920275927,0
100.0,0.925925925925926,6,38.50265318216092,13.894621570870257,60.82303690089379,0
100.0,0.926829268292683,6,34.509792895971955,11.090737686972872,68.54265035449252,0
100.0,0.927710843373494,6,34.53477751589514,5.0,74.45430312262606,0
100.0,0.9285714285714286,6,38.3222356688148,5.866629158772824,81.32739568107617,0
100.0,0.9294117647058824,6,41.118357580871006,15.50927120030197,73.78553559553686,1
99.15581395348838,0.9186046511627908,7,39.7514268431896,21.740866053579555,81.02233067279992,0
100.0,0.9195402298850576,7,38.16296544311395,18.79346004383372,75.78016540669915,1
99.12727272727273,0.9090909090909092,8,35.04425792172705,23.591538932988435,68.5841263760533,0
100.0,0.9101123595505618,8,39.39640275097626,15.210152618409875,64.21351177749551,0
100.0,0.9111111111111112,8,35.61008317643588,12.259938939345547,61.14452785426201,0
100.0,0.912087912087912,8,32.72269912961155,6.20090399417059,56.6553070356668,1
99.10652173913044,0.9021739130434784,9,28.44735948169389,8.49467428856951,50.100715043389954,1
98.18394109396914,0.8924731182795699,10,24.2442070674312,15.529117635131104,55.9162104560231,0
100.0,0.8936170212765957,10,22.857593380565103,7.436110426330572,62.37261411017924,0
100.0,0.8947368421052632,10,26.17041212110302,5.737856076036577,58.32319916903103,1
99.05625,0.8854166666666666,11,22.03389309848616,5.0,56.35184176987868,0
100.0,0.8865979381443299,11,24.74826873427761,5.0,51.04323424818896,1
99.0326530612245,0.8775510204081632,12,24.306867631327226,8.56897773229208,47.60849767954748,0
100.0,0.8787878787878788,12,29.048630093478657,5.0,44.10622483467564,0
100.0,0.88,12,27.578589463414083,10.2919382105973,44.021296612610286,0
100.0,0.8811881188118812,12,22.790801535361773,19.86302736334549,50.30539420416466,0
100.0,0.8823529411764706,12,20.735393815578856,28.43007289439312,47.99263304017997,0
100.0,0.883495145631068,12,23.47149552912537,29.115701247868728,49.11217459694922,0
100.0,0.8846153846153846,12,23.94169401211234,22.11203978953338,49.23786825758805,1
99.02857142857142,0.8761904761904762,13,23.908369281408525,24.84224661010905,52.96288739415208,0
100.0,0.8773584905660378,13,22.76675990144211,32.40028259725106,54.17358873911136,1
99.00747663551402,0.8691588785046729,14,23.100214265526905,32.34151968956837,55.6140906776362,1
66.0,0.9396551724137931,7,39.5624597284495,31.176950723599923,5.0,0
69.40975666411921,0.9401709401709402,7,39.83206745813756,25.550990848875344,5.0,0
72.82076484768024,0.940677966101695,7,36.93783635271952,27.35922329210012,12.28407815484124,0
76.23251198423259,0.9411764705882352,7,32.20539478946064,19.95955718179711,16.819804228012266,0
79.6450031802292,0.9416666666666668,7,29.707120217089365,11.820650330309183,24.42129106944666,0
83.05820853522889,0.9421487603305784,7,30.708089439268218,6.632497780760797,29.767890563705578,1
82.26148722375348,0.9344262295081968,8,27.648395792335585,5.0,34.33377825406103,0
85.66390615634515,0.934959349593496,8,26.42455714083426,11.487666218892931,33.007036097740574,0
89.06712098309137,0.935483870967742,8,23.516820700403542,5.0,28.090840086447667,0
92.4711121948501,0.936,8,22.158149306825045,5.0,30.260062061566103,0
95.87585655624312,0.9365079365079364,8,20.847247951045773,8.469724302116067,34.5245211925115,0
99.28135952524885,0.937007874015748,8,17.542438139684815,8.739335325488556,26.5865992262098,0
100.0,0.9375,8,20.57231685670991,15.408435595219826,32.03277500555109,0
100.0,0.937984496124031,8,23.42113692025928,9.11670472037914,26.529384312942675,0
100.0,0.9384615384615383,8,24.69123197494035,7.304569193570407,20.73913115222004,0
100.0,0.9389312977099236,8,27.2262218136119,15.986625019503592,15.748458602927276,0
100.0,0.9393939393939394,8,28.522008115008298,8.70953691384038,13.163720219287336,0
100.0,0.9398496240601504,8,26.510569933412967,5.0,7.324049034385862,1
99.19850746268656,0.9328358208955224,9,26.159414196280267,5.0,6.512733717517174,0
100.0,0.9333333333333332,9,26.055564594374253,8.008870667474477,6.875487053445848,0
100.0,0.9338235294117648,9,24.9341915745734,5.0,11.743976465694798,0
100.0,0.9343065693430656,9,26.2169130426729,5.0,14.54599101894264,0
100.0,0.9347826086956522,9,24.31971001999468,5.0,15.095063325745128,0
100.0,0.935251798561151,9,27.45057819448513,5.0,19.33288595486464,0
100.0,0.9357142857142856,9,23.11824721755175,11.52074898700221,15.563734005355416,0
100.0,0.9361702127659576,9,23.52316068098413,18.77723329748098,17.532627035227854,0
100.0,0.9366197183098592,9,18.89575861998796,25.55674743700052,20.03844401757605,0
100.0,0.9370629370629372,9,17.143700191926957,16.581232344544816,16.76368620178872,0
100.0,0.9375,9,17.962342952178666,6.684893453410469,19.7889971563566,0
100.0,0.9379310344827586,9,13.586935352802488,5.0,17.52179220747835,0
100.0,0.9383561643835616,9,8.97962268749307,6.764812002123106,18.89677479312764,0
100.0,0.9387755102040816,9,5.0,5.0,15.25994083495197,0
100.0,0.9391891891891893,9,5.0945551970669065,5.0,17.049618341015595,0
100.0,0.9395973154362416,9,6.269750697980672,5.0,13.210433690933137,0
100.0,0.94,9,5.0,8.7830881585647,7.993605391031032,0
100.0,0.9403973509933776,9,7.991231288998234,5.939691265468749,5.0,0
100.0,0.9407894736842104,9,5.0,8.714913176482789,5.215055505817292,0
100.0,0.9411764705882352,9,8.630495299429418,5.0,5.0,0
100.0,0.9415584415584416,9,7.184878656445948,5.0,11.150066364876077,0
100.0,0.9419354838709676,9,5.0,11.062837555029663,12.644411062553733,0
100.0,0.9423076923076924,9,5.0,5.994922313985748,13.104815581273028,1
99.20891719745222,0.9363057324840764,10,5.0,12.59732490261681,15.547790726611437,0
100.0,0.9367088607594936,10,7.073109758953398,17.386325084473782,19.967844764868783,0
100.0,0.9371069182389936,10,8.166025583524444,25.06486694957728,27.34840759079808,0
100.0,0.9375,10,10.220639512825349,28.1928574497906,23.052957961736283,0
100.0,0.937888198757764,10,13.03180127605106,19.57322515624044,15.46847967709708,0
100.0,0.9382716049382716,10,12.398391586164111,17.819264840230268,18.59198634369111,1
99.19754601226994,0.9325153374233128,11,15.168195465730095,15.818085832265568,20.82191391844779,1
98.378033817148,0.926829268292683,12,19.106738101008265,22.07031798422867,18.072322086699263,0
100.0,0.9272727272727272,12,18.40756062145459,27.334328847709703,10.681899289904724,0
100.0,0.927710843373494,12,14.288760369358656,20.884999427422763,15.699635932235273,0
100.0,0.9281437125748504,12,12.80025902378085,30.67726314976808,22.98203888177725,0
100.0,0.9285714285714286,12,10.790973809515105,24.304250177795225,19.31205502788658,1
99.16923076923077,0.9230769230769232,13,6.403712509644497,30.771287588987825,11.789959390346322,0
100.0,0.923529411764706,13,7.246613188219558,23.066093606743365,12.247655202466875,0
100.0,0.9239766081871345,13,5.0,31.39394849215861,17.402736497396624,1
99.15581395348838,0.9186046511627908,14,9.47583656238544,32.28026171384803,18.33899715527909,0
100.0,0.9190751445086706,14,14.44937795190418,41.0416785572334,15.615082608653926,0
100.0,0.9195402298850576,14,11.905294018406872,38.22353855828281,11.736147596683528,0
100.0,0.92,14,7.228515417175259,41.622404334794695,18.7264932209367,0
100.0,0.9204545454545454,14,9.879485776178493,46.97960207365089,22.5161834820896,0
100.0,0.9209039548022598,14,11.590437733172624,40.95487403057594,27.0757755260466,1
99.14719101123596,0.9157303370786516,15,15.636547439957472,39.90391008949043,31.61396509171876,0
100.0,0.9162011173184358,15,12.77007047088185,37.86944370526565,33.68917995322923,0
100.0,0.9166666666666666,15,13.159794826833592,28.146180778530777,26.559019955085333,0
100.0,0.9171270718232044,15,14.884246785368674,24.564365251763736,20.32665618318908,0
76.0,0.84375,10,23.076264503966485,24.87047094409733,36.91245205521412,1
70.0,0.9072164948453608,9,78.43906059605608,16.83953693158733,47.71695484449583,1
71.0,0.7931034482758621,12,95.13699550723628,36.7131410230532,33.671178663241456,0
90.0,0.8448275862068966,9,91.30467222509444,39.749449784938,46.68406964451326,0
79.0,0.9310344827586208,4,79.36401408060313,15.652761135319194,61.03106176086021,0
76.0,0.84375,10,18.776311373016625,20.75456768546826,31.773792312040538,0
90.0,0.8448275862068966,9,91.78219733797772,47.390850325644486,39.80807944100691,0
62.0,0.8923076923076924,7,66.05443634093989,57.09312828911364,42.52317246821,0
76.0,0.84375,10,18.08844714759877,22.54750141020941,37.95912639646233,0
71.0,0.7931034482758621,12,94.45181896396193,41.521997837550565,27.93980383820661,1
79.0,0.9310344827586208,4,81.99094812960104,22.6430103428587,63.03292107407808,0
90.0,0.8448275862068966,9,91.49946269852984,52.03104170660546,38.446609039476016,0
90.0,0.8448275862068966,9,92.24090266592572,59.031996400490286,44.2773179513356,1
76.0,0.84375,10,16.505884486757036,28.126467411578027,45.21511415881222,1
90.0,0.8448275862068966,9,96.98934250177628,68.94150530979526,41.872787997428816,0
76.0,0.84375,10,20.73353066861415,24.795520661817555,42.85932290046112,0
70.0,0.9072164948453608,9,79.78752946265787,20.437849605293056,55.61523916938588,0
90.0,0.8448275862068966,9,93.26076991479545,66.15099297343663,38.980445777816975,0
71.0,0.7931034482758621,12,98.67257147196202,31.794394907207064,31.52619318738747,0
90.0,0.8448275862068966,9,90.00163756684005,70.06448977500241,38.03589251868986,0
90.0,0.8448275862068966,9,89.69106541005232,76.22637158670511,36.13076257995413,0
76.0,0.84375,10,18.835302656072848,32.639683085721146,38.73712589829314,0
90.0,0.8448275862068966,9,93.18576725959493,71.72239265354173,42.93279175175428,0
62.0,0.8923076923076924,7,62.55952556256437,62.627321728045416,36.95010358088047,0
79.0,0.9310344827586208,4,85.07936274271495,16.829990315205343,65.0290981666906,0
79.0,0.9310344827586208,4,83.49823962456114,12.916476357846475,72.56240968882932,0
90.0,0.8448275862068966,9,88.77382385339843,70.51152053123774,36.99312212442906,0
70.0,0.9072164948453608,9,81.10816474628147,24.490419977450543,55.53400242039033,1
71.0,0.7931034482758621,12,100.28752150829985,29.745254034487807,24.108578653029102,0
62.0,0.8923076923076924,7,64.51846346283637,69.35148068175677,30.680919921411142,1
71.0,0.7931034482758621,12,102.09877039690738,32.52979843025484,28.476589632244696,0
70.0,0.9072164948453608,9,78.75458270705727,22.66647207203303,48.45413311014729,0
70.0,0.9072164948453608,9,77.45724031042485,20.646375248792022,48.28426829586428,0
79.0,0.9310344827586208,4,86.57388173102031,18.64954889688672,79.50415130757972,0
79.0,0.9310344827586208,4,81.88015052569494,24.88972832862762,79.81125682050833,0
62.0,0.8923076923076924,7,63.81227433065667,68.43894684434119,31.00965879234404,1
79.0,0.9310344827586208,4,86.57076484711149,28.18136393067963,72.70039253149841,0
79.0,0.9310344827586208,4,90.5648216484714,22.332701033007943,67.08995003049205,0
71.0,0.7931034482758621,12,102.46490334257228,35.69577422086158,32.55892123189756,0
70.0,0.9072164948453608,9,81.64800653064562,23.884635641777184,46.98461221179505,0
90.0,0.8448275862068966,9,92.0372523792544,77.61500873170314,39.95294770637036,0
70.0,0.9072164948453608,9,85.76226037965233,26.66032158477511,45.92513242238196,0
71.0,0.7931034482758621,12,104.4086255809807,28.76077798499325,27.82746755747558,0
70.0,0.9072164948453608,9,83.09594278024464,32.14708848359914,41.54156005535085,0
76.0,0.84375,10,20.086824910837915,31.62009911885233,42.557689265101054,0
79.0,0.9310344827586208,4,89.48024361376889,30.080901951319685,60.38593992881393,0
79.0,0.9310344827586208,4,87.08418960012966,36.25863935618047,53.18418199465895,0
79.0,0.9310344827586208,4,90.2035046807729,41.74206267691085,56.143302457381424,0
76.0,0.84375,10,23.24888540794983,33.063760572737365,49.82210128814002,1
70.0,0.9072164948453608,9,86.30044861281873,27.65002129213888,46.80317836843344,1
71.0,0.7931034482758621,12,109.40408357024104,33.0369774677189,21.33599859148858,0
76.0,0.84375,10,24.831950068081287,31.52287414505465,53.490287210747766,0
79.0,0.9310344827586208,4,91.7890609986773,45.11427505584725,49.0703230537316,0
62.0,0.8923076923076924,7,66.59661462559858,70.00276713068352,35.68257963712476,0
76.0,0.84375,10,20.121162830847325,26.89453217938393,47.62889430839454,1
76.0,0.84375,10,19.809084783050587,20.713581727166257,52.07609000934172,0
62.0,0.8923076923076924,7,62.98760652863381,77.89634165146623,34.9408592065674,1
76.0,0.84375,10,23.634984474650874,21.372345895167093,52.049949547619946,0
62.0,0.8923076923076924,7,67.89586222241603,73.44173031487844,29.165079782684792,0
71.0,0.7931034482758621,12,113.97069604741743,27.13165322520636,22.128042797562447,0
90.0,0.8448275862068966,9,92.79451839871106,84.94050174030568,37.20031180407159,1
70.0,0.9072164948453608,9,90.13627070271146,19.1320104102496,40.30862837663906,0
70.0,0.9072164948453608,9,87.45777337264691,20.03317591284096,38.004040742211856,0
79.0,0.9310344827586208,4,94.7354018847848,48.11270777889981,56.441786071308194,0
90.0,0.8448275862068966,9,92.40540755601091,92.38732424659185,33.86704769729809,0
62.0,0.8923076923076924,7,63.48778660871351,81.7971163170033,35.786990655756696,0
79.0,0.9310344827586208,4,92.69129331171564,38.45369067842503,48.94614918871122,0
90.0,0.8448275862068966,9,90.58619455086452,93.8610830879352,35.05693289420307,0
62.0,0.8923076923076924,7,63.49028296284814,79.30209952005222,31.959729183834305,0
79.0,0.9310344827586208,4,96.02589002719182,32.301470762816336,48.312994191220746,0
79.0,0.9310344827586208,4,94.06995916683114,37.87438960648106,46.32233433847209,0
76.0,0.84375,10,19.72983538224618,14.3550588260154,49.90226851974579,0
90.0,0.8448275862068966,9,90.8024036244004,95.0,41.307339694126455,0
76.0,0.84375,10,16.213770695669133,19.68869171788034,52.45177073604342,0
70.0,0.9072164948453608,9,88.76494791739374,24.4309227828322,36.71632592525904,1
90.0,0.8448275862068966,9,93.47438798069048,95.0,41.41087733269021,0
62.0,0.8923076923076924,7,67.36847803023778,83.03366354407927,27.98631457868772,0
79.0,0.9310344827586208,4,91.2365600285812,46.04569667484128,39.36301760631433,0
79.0,0.9310344827586208,4,90.83996987158164,51.37828257800792,40.5265850748806,1
79.0,0.9310344827586208,4,88.45654570553253,41.41482337519918,47.04535741529922,0
70.0,0.9072164948453608,9,83.76789663237082,21.253323029505395,29.85540319733224,0
62.0,0.8923076923076924,7,65.62093019994522,83.36576949611971,22.802839267398028,1
62.0,0.8923076923076924,7,64.92440950659,79.92805188224378,16.79221033079353,0
71.0,0.7931034482758621,12,111.22683447206276,17.619255107655476,24.48716476415061,0
70.0,0.9072164948453608,9,87.1519144056904,20.090299452935607,37.67243569966443,0
79.0,0.9310344827586208,4,91.42001047497328,34.45718031853681,51.00541567210159,0
71.0,0.7931034482758621,12,110.65512176899774,8.746723904505208,28.34631650058281,1
79.0,0.9310344827586208,4,91.60836971771552,43.04158602593345,43.686077868499225,0
76.0,0.84375,10,12.131359453722997,9.865336445888811,54.37969791545251,0
70.0,0.9072164948453608,9,88.76765344220395,10.886837548541957,35.67613831004592,1
90.0,0.8448275862068966,9,94.39534152951607,95.0,46.65077069689546,0
79.0,0.9310344827586208,4,89.79902789993005,45.61049679901005,49.62272680920822,0
76.0,0.84375,10,14.257623167006578,8.866859183396233,46.936890863226594,0
71.0,0.7931034482758621,12,112.99947377033892,7.212581174480404,23.011120761501168,0
70.0,0.9072164948453608,9,88.9237899262009,13.009643251511523,28.70473196011782,0
79.0,0.9310344827586208,4,90.43450259807943,36.481870451517125,46.83309307685657,1
76.0,0.84375,10,13.743183782042324,18.240095271326744,49.35486357113434,0
70.0,0.9072164948453608,9,87.26228606565482,6.318500482105714,29.648011924359388,1
70.0,0.9072164948453608,9,83.53052845744642,14.771441963459212,32.32139102843667,0
79.0,0.9310344827586208,4,90.1854663669458,42.13148037129142,53.76999185106488,0
90.0,0.8448275862068966,9,90.1799922581666,89.26922387999412,46.943112264554216,1
88.89152542372881,0.8305084745762712,10,89.04629491112827,81.38822674417715,45.247898459579886,0
92.1415254237288,0.8333333333333334,10,89.15586124547157,78.37564113558169,41.38658243367835,0
95.39562378438454,0.8360655737704918,10,84.26730657682684,68.90168044460194,37.4638314453308,1
94.26336571986842,0.8225806451612904,11,86.69385224586192,71.74135045813406,34.16919219418963,1
93.09193714843984,0.8095238095238095,12,88.3166506852915,72.93981869519095,28.171906958321475,0
96.31068714843984,0.8125,12,89.3698899240244,65.35795630258305,27.34521338881774,0
99.53376407151676,0.8153846153846154,12,92.74966058216792,62.16838745272423,32.48942683254799,0
100.0,0.8181818181818182,12,91.25756049642166,71.45926084512568,31.024085094477428,1
98.8179104477612,0.8059701492537313,13,90.3277235403825,68.52798737258405,25.64603783839129,1
97.60026338893766,0.7941176470588235,14,92.33637920833812,74.55854373534959,24.823040567280977,1
96.34808947589418,0.782608695652174,15,91.65275939335848,75.66910487533649,31.736710591837515,0
99.5266609044656,0.7857142857142857,15,89.36855178662678,73.99167671978694,32.11873958885546,0
100.0,0.7887323943661971,15,93.54284642877404,83.85275261975784,31.65731151311132,1
98.73333333333332,0.7777777777777778,16,89.25373103534068,90.43040019198888,25.644605813606347,0
100.0,0.7808219178082192,16,87.7569056835236,95.0,23.36456518017735,1
98.7108108108108,0.7702702702702703,17,83.05169669364668,95.0,27.4406897457484,0
100.0,0.7733333333333333,17,83.75446701661578,91.06634500199436,29.478138701046028,0
100.0,0.7763157894736842,17,81.85605605993187,89.5206238277938,30.79867138175118,1
98.6987012987013,0.7662337662337663,18,83.19641104257639,87.35237221303338,36.1030760195548,0
100.0,0.7692307692307693,18,81.48424993766156,92.59672404624718,34.27753678979696,0
100.0,0.7721518987341772,18,80.65826963734276,95.0,33.738573026168034,1
98.6875,0.7625,19,81.3922189120265,95.0,40.901706063533496,1
97.34675925925926,0.7530864197530864,20,78.83168624761187,86.89935300718436,35.25988621666282,1
95.97846657633242,0.7439024390243902,21,79.22667168950505,87.65205288889965,32.232704503704795,1
94.58328585344086,0.7349397590361446,22,82.67132361813773,89.28071527031979,36.85301865175178,1
93.16185728201228,0.7261904761904762,23,82.63026423802714,86.9361435887392,42.41873800402373,0
96.2559749290711,0.7294117647058823,23,86.11837021440753,80.49855916330955,48.5399531108306,1
94.81876562674552,0.7209302325581395,24,84.29541886527792,80.33238705160014,50.0232099746028,0
97.90497252329725,0.7241379310344828,24,82.96255474722838,78.88396776994969,44.46413011327863,0
100.0,0.7272727272727273,24,82.25151276651857,76.4846836967538,48.62337864255829,1
98.55730337078651,0.7191011235955056,25,84.77646006527878,80.3911121223241,41.610450792877245,0
100.0,0.7222222222222222,25,88.10096461292525,70.8238839882131,46.54702071011351,0
100.0,0.7252747252747253,25,89.58181008149636,66.4587638526648,51.83972238954639,1
98.55217391304348,0.717391304347826,26,85.06041830070998,72.92247896834844,56.30843770715713,0
100.0,0.7204301075268817,26,80.5015608309892,73.86445367973157,54.465138869226266,1
98.53829787234042,0.7127659574468085,27,82.65205995239535,82.84674051985846,51.3228099534576,0
100.0,0.7157894736842105,27,82.57302729383248,80.47859534267874,46.38773462628105,0
100.0,0.71875,27,84.97604120636275,76.20263481045754,48.89894653744577,1
98.5340206185567,0.711340206185567,28,85.09300096440076,82.08483463571059,46.11301272845149,0
100.0,0.7142857142857143,28,80.5022751571988,83.33877692586853,52.971193082659134,1
98.52121212121212,0.7070707070707071,29,77.24728350677671,74.13511499546789,53.78576277358648,1
97.02121212121212,0.7,30,78.28809558373518,73.85706590303755,54.05816426593185,0
100.0,0.7029702970297029,30,76.16040784114904,68.28575521592735,51.5359985020829,0
100.0,0.7058823529411765,30,71.97581533474515,78.26860207475765,51.60679287583884,0
100.0,0.7087378640776699,30,72.12694408411986,71.25179191395475,45.41970719368992,0
100.0,0.7115384615384616,30,69.50453913391564,74.30062569854428,48.71852337642008,1
98.51428571428572,0.7047619047619048,31,71.63010144984116,79.67187166978685,43.48199377635892,0
100.0,0.7075471698113207,31,69.76302201590012,84.93885871499046,50.0658710247664,0
100.0,0.7102803738317757,31,64.92994735590207,90.52321664836629,48.3982579015684,0
100.0,0.7129629629629629,31,69.56123857026763,95.0,53.04288756072236,0
100.0,0.7155963302752294,31,65.82624139512285,87.98664717918598,53.05944026730798,0
100.0,0.7181818181818181,31,65.01751246977499,94.10399133558896,45.53464712625704,0
100.0,0.7207207207207207,31,64.53337835949952,95.0,46.70057347448382,1
98.54285714285714,0.7142857142857143,32,67.97287285063928,95.0,52.004322912659546,0
100.0,0.7168141592920354,32,71.09367335709781,95.0,56.92066162184733,0
100.0,0.7192982456140351,32,75.17481181085714,95.0,64.44775805293908,1
98.5391304347826,0.7130434782608696,33,73.00539840837476,85.88611464490847,67.67923377110439,0
100.0,0.7155172413793104,33,74.76484086841418,76.46588591574849,67.2694551621386,1
98.52820512820512,0.7094017094017094,34,71.06037498200331,71.3268512173524,63.66550237747607,1
97.03837461973056,0.7033898305084746,35,68.89144408145063,70.83121949955057,56.90556761296405,0
100.0,0.7058823529411765,35,68.60184010476513,66.10072929229811,49.15576613349639,0
100.0,0.7083333333333334,35,63.85219415144466,60.84796580073855,42.19285352977772,0
100.0,0.7107438016528925,35,65.70039237432421,52.0525699608979,40.47707423215791,0
100.0,0.7131147540983607,35,60.90640665577336,45.16863590929828,40.59751226038038,0
100.0,0.7154471544715447,35,63.95803304614978,35.5995381656888,46.74677979721351,0
100.0,0.717741935483871,35,59.27114274913928,28.5390497946639,51.54776284008494,0
100.0,0.72,35,63.88633543147845,28.705804965329826,56.84098174881428,0
100.0,0.7222222222222222,35,59.00645189265818,34.69028629791062,57.07133601767194,0
100.0,0.7244094488188977,35,54.05667966724435,32.06783482198822,57.75400118137828,0
100.0,0.7265625,35,57.05951626907006,34.32641241831636,56.251938097237165,0
100.0,0.7286821705426356,35,58.7912891994657,33.29236918952536,52.99112142814403,0
100.0,0.7307692307692307,35,54.80693922778005,35.62184918642637,47.23321766640417,0
100.0,0.732824427480916,35,55.651034824608445,27.555042576253257,47.39090618894642,1
98.58181818181818,0.7272727272727273,36,57.35238101251919,23.683084834310392,49.29144747893488,0
100.0,0.7293233082706767,36,60.90056745386472,26.622695353103303,53.864737247022106,0
100.0,0.7313432835820896,36,59.91547263713121,25.58502229582756,46.55214323806664,0
100.0,0.7333333333333333,36,56.13896396354534,24.760697334902204,45.29019943640024,0
100.0,0.7352941176470589,36,57.00055230265923,15.689585033693495,38.75347759217696,0
100.0,0.7372262773722628,36,57.327406848767865,11.610570708482811,39.071258672203165,0
100.0,0.7391304347826086,36,54.76600789877054,20.52391911737307,42.79925891210721,1
98.60143884892086,0.7338129496402878,37,57.94343148354568,17.863792224929263,48.57375731965956,0
100.0,0.7357142857142858,37,59.8488934699872,24.37467166776557,49.71969484935616,1
98.59148936170212,0.7304964539007093,38,55.73120046844026,25.9820702638856,53.55987471006274,0
100.0,0.7323943661971831,38,57.50353309625115,20.9303776757847,56.04728655558701,0
100.0,0.7342657342657343,38,57.77654773650517,27.811479648730067,61.99486418200225,0
100.0,0.7361111111111112,38,55.27219016084646,19.960510735383465,58.44017492876619,0
100.0,0.7379310344827587,38,51.15670337207727,14.054931934380912,62.40140406435286,0
100.0,0.7397260273972602,38,51.87086513712884,6.48432069195485,65.136178046326,0
100.0,0.7414965986394558,38,49.33319077589974,10.25645546936704,68.95863633076866,0
100.0,0.7432432432432432,38,50.145614732817805,16.039197420510604,65.70302537175525,0
100.0,0.7449664429530202,38,47.54850651854719,18.277205130276727,71.55776056109858,0
100.0,0.7466666666666667,38,47.151328348316696,21.677779663943014,74.76141876662206,1
98.6251655629139,0.7417218543046358,39,47.13659785196823,29.64685204632355,68.93624518768316,0
100.0,0.743421052631579,39,45.88592571645705,26.64020555535372,67.06321838042994,1
98.6156862745098,0.738562091503268,40,48.17912199007233,29.250554930742595,66.94446807446533,0
100.0,0.7402597402597403,40,50.655460423590064,20.43641159372381,64.23763775862162,0
100.0,0.7419354838709677,40,46.185496909364645,14.041700788956192,56.85648568393936,0
100.0,0.7435897435897436,40,42.2849873309534,20.478455035575024,57.71378843189547,0
100.0,0.7452229299363057,40,44.86242669912767,17.29394776045092,57.31403737007609,0
100.0,0.7468354430379747,40,47.02065482613463,21.965890262922347,52.82045210314939,0
100.0,0.7484276729559748,40,51.28362470706273,19.81467750478624,55.04587618815837,0
100.0,0.75,40,49.14745225204361,11.628624158704389,55.42908887169156,0
100.0,0.7515527950310559,40,46.35227879574595,17.3854542095896,54.3522605341016,0
100.0,0.7530864197530864,40,50.29843226037204,17.18362780590133,46.909333628608536,0
100.0,0.754601226993865,40,50.80661772549956,9.638673225854877,44.7135410558322,0
100.0,0.7560975609756098,40,47.3901717696572,5.757584405413447,52.2459884822935,1
98.65454545454546,0.7515151515151515,41,51.287089534517925,12.183965498624149,58.397644591739066,1
71.0,0.7931034482758621,12,110.77557422653304,11.903002635646423,5.412026140819357,0
74.1947991802845,0.7966101694915254,12,106.82448084345457,10.52039113136311,9.089286587879862,0
77.39479034104814,0.8,12,110.13441648864912,7.858464557836772,6.232506003508455,0
80.59969077258341,0.8032786885245902,12,106.37125866085262,5.0,5.0,0
83.80935932515129,0.8064516129032258,12,111.28210063609494,5.426961444014836,5.0,0
87.02362738175967,0.8095238095238095,12,112.12863045174824,5.0,11.65937801171834,0
90.24236359547024,0.8125,12,113.88544020198432,9.388702516936917,11.360064833199893,0
93.46542772540356,0.8153846153846154,12,112.32452840335064,13.393890769523304,8.349023587742044,1
92.27451863449448,0.803030303030303,13,116.2584444969208,5.0,5.0,0
95.48346499013113,0.8059701492537313,13,120.66148034291363,5.0,5.0,0
98.6966826155777,0.8088235294117647,13,120.6222296037357,5.0,5.0,0
100.0,0.8115942028985508,13,122.8364478694224,5.0,9.690842313380587,0
100.0,0.8142857142857143,13,122.84979077043012,5.0,7.111625178505298,1
98.80845070422536,0.8028169014084507,14,119.97995164204556,5.0,11.720188040059368,0
100.0,0.8055555555555556,14,117.55032312629724,5.0,7.213196778598167,0
100.0,0.8082191780821918,14,122.36116613471464,5.778939264580831,12.590767765068176,0
100.0,0.8108108108108109,14,126.49478841045617,5.2452807632968135,15.712646247819173,0
100.0,0.8133333333333334,14,127.01769730351002,5.0,17.330388277072096,0
100.0,0.8157894736842105,14,130.90726788653294,5.0,10.301475318392738,0
100.0,0.8181818181818182,14,134.48999200411106,5.0,7.771591589399557,1
98.82307692307693,0.8076923076923077,15,134.1170518504146,10.38305907281607,14.137244494678455,0
100.0,0.810126582278481,15,135.79913760658053,13.271998687459956,12.161218221659825,1
98.8,0.8,16,136.45612331699292,19.513175405909163,12.031716224571852,0
100.0,0.8024691358024691,16,135.25861678126762,11.568002567998136,8.870212128761723,0
100.0,0.8048780487804879,16,138.49386825430673,5.0,5.0,0
100.0,0.8072289156626506,16,135.88580030789532,5.388538828080172,5.0,0
100.0,0.8095238095238095,16,135.47300295000227,13.16511501308032,11.335257704993133,0
100.0,0.8117647058823529,16,130.85338863121478,15.335115372784497,6.231550230722426,0
100.0,0.813953488372093,16,131.50950273160163,6.928174478640795,5.0,0
100.0,0.8160919540229885,16,135.55641452252118,14.935597049936614,5.0,0
100.0,0.8181818181818182,16,139.96531436008928,21.42002866471441,11.511481906189122,1
98.82696629213484,0.8089887640449438,17,141.84861654361677,28.43138854502167,14.952564151149504,0
100.0,0.8111111111111111,17,141.7485128516559,30.316863254909112,22.24929698525061,0
100.0,0.8131868131868132,17,145.16400118143778,25.117539830527065,19.780580565542056,0
100.0,0.8152173913043478,17,142.41242406576075,31.893086514856087,21.410588418900865,1
98.81935483870969,0.8064516129032258,18,142.0450394322126,27.709457695539307,28.13837959263149,0
100.0,0.8085106382978723,18,143.6321545326402,37.20967071087391,33.63876771533322,0
100.0,0.8105263157894737,18,141.51412242716194,45.24189407660781,33.8975386039601,0
100.0,0.8125,18,145.40058717610086,52.10878711880848,36.402623671501615,0
100.0,0.8144329896907216,18,148.8238979610691,61.14444881680695,32.83942821803245,0
100.0,0.8163265306122449,18,150.00126242731096,62.649521854742375,35.93652539169936,0
100.0,0.8181818181818182,18,151.5273508738942,66.75161819512854,39.35750008743652,0
100.0,0.82,18,152.38873049163212,58.726463981272005,35.0377937487575,1
98.83564356435645,0.8118811881188119,19,150.09479812935257,51.97256774654639,28.138652633777863,0
100.0,0.8137254901960784,19,148.81401268213506,56.54132493298933,29.62362001546516,0
100.0,0.8155339805825242,19,144.0853773650515,65.28295562162465,35.60885761601869,1
98.82307692307693,0.8076923076923077,20,148.90108134690638,63.433512594805904,31.612464926944966,0
100.0,0.8095238095238095,20,152.22893125883294,64.8309112928404,25.747683465887185,0
100.0,0.8113207547169812,20,156.30038954971408,63.1300026984632,20.01328100639722,0
100.0,0.8130841121495327,20,153.5784127068347,53.15586361037427,15.56768907359089,1
98.81666666666666,0.8055555555555556,21,156.5352194355007,43.72711085901306,11.428507685737449,0
100.0,0.8073394495412844,21,159.1776562365406,37.87714778287419,11.735412238152124,0
100.0,0.8090909090909091,21,155.34189980403468,39.74635988440343,11.32916396588296,0
100.0,0.8108108108108109,21,158.73239839616355,45.20843487276443,13.34549839794087,0
100.0,0.8125,21,163.19267487820292,50.65453763567668,13.841633849865088,0
100.0,0.8141592920353983,21,163.90072250946034,44.855009102512206,6.528262880397248,0
100.0,0.8157894736842105,21,166.84759744399975,42.00230155444098,7.995673899664908,0
100.0,0.8173913043478261,21,164.11804943669344,39.86480868338976,15.97569616765194,1
98.83103448275862,0.8103448275862069,22,165.277602909265,32.68410397622457,21.71665202517812,0
100.0,0.811965811965812,22,167.72810334661816,25.88517688005827,21.70405803941972,0
100.0,0.8135593220338984,22,171.7262480483991,30.698732871111087,29.514400766114456,0
100.0,0.8151260504201681,22,173.8428480119066,23.773259693206228,26.09827937903236,0
100.0,0.8166666666666667,22,175.74267146344567,14.06632663068068,22.54147363344056,1
98.8297520661157,0.8099173553719008,23,174.38711950089896,10.57562091532228,21.22571111202179,0
100.0,0.8114754098360656,23,173.54087346144212,5.80291842548877,29.01980696379936,0
100.0,0.8130081300813008,23,172.8582182642381,12.460568188446524,21.732655567649395,0
100.0,0.8145161290322581,23,171.91296505887053,19.54007706362652,27.131530316618303,0
100.0,0.816,23,169.55950851920426,24.83077488729105,34.78020688705848,0
100.0,0.8174603174603174,23,167.41300230310324,17.87956636457818,42.52376647097419,1
98.83307086614174,0.8110236220472441,24,166.30513229901783,26.040675507618545,42.06478988132942,0
100.0,0.8125,24,167.55002270747505,19.642070571587908,35.01792502810321,0
100.0,0.813953488372093,24,165.35209746559917,18.033518889921737,32.889655319078585,0
100.0,0.8153846153846154,24,164.9013340831541,22.98966479273548,38.63306328685015,0
100.0,0.816793893129771,24,162.5680543791563,18.49689825393409,45.01501537282271,0
100.0,0.8181818181818182,24,166.4096697290461,22.276395864682907,51.38921406433731,0
100.0,0.8195488721804511,24,169.90171398104113,14.47292828721592,49.66095769851387,0
100.0,0.8208955223880597,24,171.85295482966364,21.809379452435955,41.66460051255052,0
100.0,0.8222222222222222,24,173.82469922142909,25.081544045453857,36.40377780762366,0
100.0,0.8235294117647058,24,174.35603115268066,23.326413277610754,31.37971325047824,1
98.85255474452556,0.8175182481751825,25,177.54375949321923,27.940067404563333,38.20450547769284,0
100.0,0.8188405797101449,25,179.1179994133949,33.21710027531803,34.80097654612729,0
100.0,0.8201438848920863,25,179.84582524758858,39.48062209874816,29.791536317865187,0
100.0,0.8214285714285714,25,183.21812770048783,34.30340989786923,35.0093915126175,0
100.0,0.8226950354609929,25,178.9110821596715,26.99285993638216,31.584060610204567,0
100.0,0.823943661971831,25,182.98579959402795,30.90951288200264,26.216759324795667,0
100.0,0.8251748251748252,25,182.512396525252,40.13403327725835,33.346529757348264,1
98.85833333333332,0.8194444444444444,26,180.94415341291852,44.22867598815752,26.2344241102018,0
100.0,0.8206896551724138,26,180.34790473726213,35.307956005907315,24.21345136239897,0
100.0,0.821917808219178,26,179.64324834098176,42.95014106584191,30.777932669510182,0
100.0,0.8231292517006803,26,177.82017989570946,36.805292366668525,32.15599636664128,0
100.0,0.8243243243243243,26,172.9723030904427,38.29048861173069,38.32566524972415,0
100.0,0.825503355704698,26,169.49486890638934,44.24417158120271,37.8918071188562,1
69.0,0.9203539823008848,9,29.22262383353223,46.32198967431242,53.22301155480369,0
68.0,0.9240506329113924,6,60.61901627926544,39.60198254324148,59.35162540241425,1
69.0,0.9203539823008848,9,24.6225612665938,49.03143471749082,49.56398424811934,0
70.0,0.8571428571428571,12,38.85483894398672,20.28931818467497,22.064357506043876,0
69.0,0.9203539823008848,9,27.39502199202753,55.10094589805685,44.55874866160073,1
89.0,0.845360824742268,15,71.61845615441638,46.32829987328701,60.32058518282854,0
62.0,0.859375,9,65.33148210452187,39.00647965616877,57.28150425402123,1
89.0,0.9,12,83.64594863781431,43.42651858874496,51.19771297708654,0
89.0,0.845360824742268,15,68.6382241288877,52.15300212894872,54.29071019291893,1
89.0,0.9,12,87.74467567189461,39.999949300738336,52.77387354776464,0
68.0,0.9240506329113924,6,63.38567311565625,43.45432564535467,54.25579937973677,1
68.0,0.9240506329113924,6,65.64419229200654,46.98724408278736,53.50764058298304,0
69.0,0.9203539823008848,9,25.225729510128,63.22830496469516,41.559731325591954,0
62.0,0.859375,9,70.07676087147598,30.66674671739514,59.48400717387538,1
70.0,0.8571428571428571,12,35.25887322723966,11.22775860383996,29.360350558214822,0
69.0,0.9203539823008848,9,26.135879330994666,53.57915458496194,47.59780960452113,1
68.0,0.9240506329113924,6,61.124606073227945,43.90090086366012,58.124691688564,0
68.0,0.9240506329113924,6,62.66932887451503,39.37012133957026,65.46683652341635,0
68.0,0.9240506329113924,6,58.94799022727879,34.85446867034728,59.644520721809975,1
62.0,0.859375,9,69.35402023123008,32.1751300809744,53.74186913821937,1
89.0,0.845360824742268,15,69.77403500987771,51.49642485278218,50.25721655660279,0
89.0,0.845360824742268,15,65.77922965011628,58.00381009048868,50.277990047081786,1
89.0,0.9,12,88.1239132865138,34.72350889745371,52.13957652847429,0
89.0,0.9,12,84.58889400115484,39.5414421680541,59.28382429691043,1
89.0,0.845360824742268,15,61.7960863835023,56.65089627770424,47.81779787673392,0
62.0,0.859375,9,72.10545088987472,22.425391778654223,60.75730270046584,0
70.0,0.8571428571428571,12,38.79883933536452,5.0,28.91786259978285,0
69.0,0.9203539823008848,9,23.14605455002304,57.854320944961366,52.102645855301006,1
70.0,0.8571428571428571,12,41.36746327719163,8.908585191700965,33.44801164413116,0
70.0,0.8571428571428571,12,45.61827598689018,16.27180515023341,29.05398372641786,0
89.0,0.845360824742268,15,57.11984961038851,60.03559050891653,50.27190125414931,0
89.0,0.9,12,81.65539121416126,32.13767195258527,61.45638583992074,0
68.0,0.9240506329113924,6,60.02828491834079,42.45360481291617,61.22061288659714,1
62.0,0.859375,9,67.16424841162221,21.93429713748837,61.26799134838284,1
89.0,0.845360824742268,15,56.25404162012519,68.19810657274402,51.783382993646015,1
70.0,0.8571428571428571,12,46.32590545856903,9.073958025401875,28.21167770543878,0
70.0,0.8571428571428571,12,49.36433132769211,14.183805714907884,34.97420757830987,0
89.0,0.845360824742268,15,58.48210339150705,77.17837277761431,53.90641980918241,0
69.0,0.9203539823008848,9,25.667398880295814,52.72703877495725,54.75262119821025,1
89.0,0.845360824742268,15,55.29366371487148,81.73895947569369,47.570742593562,0
70.0,0.8571428571428571,12,49.83915015330802,24.08933037549472,29.683656040588865,1
68.0,0.9240506329113924,6,56.23534653792189,39.15895991683706,56.78873941484018,0
69.0,0.9203539823008848,9,23.299142492378472,45.15381313207748,57.15963408167067,0
89.0,0.845360824742268,15,58.000172616725024,73.24878877149962,54.34467639921413,1
89.0,0.9,12,84.66435069888928,33.391589183700624,55.14994415357021,1
70.0,0.8571428571428571,12,52.41264002784113,19.151730066788105,32.04261707679571,0
89.0,0.9,12,86.03128490238305,27.63154212102348,62.104469906745365,0
62.0,0.859375,9,70.56760948418113,25.6120626267381,60.45600358169116,0
89.0,0.845360824742268,15,56.02841926881442,81.7309336888569,59.606637595233934,0
89.0,0.845360824742268,15,56.87251901191723,86.8478424773187,58.58734009850096,0
69.0,0.9203539823008848,9,21.48837027516873,46.50928216611911,51.4693639633561,1
62.0,0.859375,9,67.15769543717836,32.461564882787954,61.43242121603377,1
68.0,0.9240506329113924,6,54.52126070508033,42.06685093051559,54.24369784275214,0
69.0,0.9203539823008848,9,26.310614991715585,37.85689297584038,51.0480650653406,1
70.0,0.8571428571428571,12,49.63927712588495,27.17048985829705,37.06722170633888,1
89.0,0.845360824742268,15,60.17537421028364,80.15212764200353,61.9764811739203,0
89.0,0.9,12,89.9781833026174,25.98608920434694,66.16077791149402,0
70.0,0.8571428571428571,12,46.20000485531944,25.002481613864585,40.66071681753597,0
89.0,0.845360824742268,15,59.73345800660034,70.20219491885574,66.61211425418892,1
89.0,0.9,12,87.02172317913427,17.328889645139387,73.93281217581438,0
68.0,0.9240506329113924,6,59.10742804585486,49.90219228249269,47.87852206173044,0
89.0,0.9,12,82.75301920698791,11.462292394030992,68.81696555964236,1
70.0,0.8571428571428571,12,44.34008024315309,21.62590360855787,38.51013929354976,1
62.0,0.859375,9,63.39763547685595,36.74493687609963,58.95848072305795,0
62.0,0.859375,9,61.005664320701634,29.474049509900937,51.67235652084948,0
62.0,0.859375,9,63.11213363174419,22.23615420155325,55.5240977831331,0
89.0,0.845360824742268,15,57.34904285053118,68.16259565718923,74.50507925371221,0
89.0,0.9,12,82.46818875799434,10.743715671961386,62.50035280293928,1
89.0,0.845360824742268,15,59.87949129064568,75.95295344602786,77.80829941433105,0
62.0,0.859375,9,60.779445832959496,29.794345626944377,50.23816097495541,1
62.0,0.859375,9,59.37662627891901,30.04902326287944,51.67699451041263,0
89.0,0.845360824742268,15,58.473966144314936,75.20060846938382,73.95939891608175,1
68.0,0.9240506329113924,6,61.637612985660326,58.57474257480652,49.151647208742496,0
70.0,0.8571428571428571,12,45.05485216805428,24.009972348915877,33.61040262924449,1
69.0,0.9203539823008848,9,28.340974193823868,46.44995759385492,50.480999884474,0
89.0,0.845360824742268,15,55.3691415885603,79.398237671519,71.33002717946144,0
69.0,0.9203539823008848,9,29.22040064314305,51.62060470741152,58.02152236950566,0
70.0,0.8571428571428571,12,45.25524895788403,30.31222606649753,36.11200855893756,1
62.0,0.859375,9,59.42398506836821,33.40281190905627,53.87679510109412,0
89.0,0.9,12,87.2776856433789,18.200126450263628,68.16515022337572,0
68.0,0.9240506329113924,6,61.205799414332255,55.42963291214863,50.27981769437356,0
89.0,0.9,12,89.98333283644625,17.225864030293224,76.05447669392527,1
70.0,0.8571428571428571,12,48.90197040783296,26.829138961218494,41.85553744876066,0
62.0,0.859375,9,59.82661624559912,42.69379313989971,54.73545398753304,0
89.0,0.9,12,89.18766186353581,22.09784962323439,81.77920812999221,0
62.0,0.859375,9,57.911507980983686,44.62254853646871,58.62588440568528,0
69.0,0.9203539823008848,9,33.88456540829169,57.61461375694573,65.56315602644639,1
89.0,0.845360824742268,15,56.44760811147917,80.54411501777773,76.87364461748649,0
89.0,0.845360824742268,15,55.70572786019312,70.7944245786376,74.6365152198278,0
68.0,0.9240506329113924,6,63.07052983978018,55.402895247500496,47.12743951328803,1
69.0,0.9203539823008848,9,35.370284768467144,64.00534439256843,66.43697556947625,0
69.0,0.9203539823008848,9,39.833693455837256,68.93727774178018,61.763079777358016,0
70.0,0.8571428571428571,12,51.51990210892078,33.77062629834867,37.88430207511906,0
70.0,0.8571428571428571,12,46.97956517860574,35.559610471015034,43.083495229511776,0
62.0,0.859375,9,59.15951355285291,44.72793432538026,58.77063847098623,1
69.0,0.9203539823008848,9,44.398343201529926,61.22630169743959,60.721145570641085,0
69.0,0.9203539823008848,9,48.99310939379305,59.76623387146756,66.93025205483274,0
62.0,0.859375,9,63.17397820550456,50.504378738009954,53.81078478408716,0
89.0,0.845360824742268,15,52.94194821823391,70.33032853161708,75.05572072579491,0
68.0,0.9240506329113924,6,66.72293979248775,47.53045567060498,54.83240112137807,0
89.0,0.845360824742268,15,50.23263534994086,73.1159091435315,80.8130032161799,1
89.0,0.9,12,89.76143418494682,13.13090941113753,75.13600721087973,0
92.35123966942147,0.9008264462809916,12,88.79569769161075,9.776002276622776,82.25171982202556,0
95.70369868581491,0.9016393442622952,12,84.21313979409905,12.583077754540296,79.29967864122546,0
99.0573572224003,0.902439024390244,12,86.55648243796875,13.010706306253375,77.65674708602864,0
100.0,0.9032258064516128,12,83.72476412130483,10.275336347201163,82.98244428432005,0
100.0,0.904,12,81.51873564093856,20.14774853018112,76.34578029782895,0
100.0,0.9047619047619048,12,79.95515101526331,15.901389991285022,76.37649940247725,0
100.0,0.905511811023622,12,83.58892968646445,11.006938611523292,73.00678640054996,1
99.0953125,0.8984375,13,81.70950514469104,5.0743778669735775,74.62737766685667,0
100.0,0.8992248062015504,13,83.12150545031552,7.621773376790658,73.13591238392407,0
100.0,0.9,13,78.20911107118931,5.0,79.70796912354103,0
100.0,0.900763358778626,13,82.22627249716837,11.380063833084012,85.52964657520594,0
100.0,0.9015151515151516,13,78.14176228534663,5.0,85.17922807634605,0
100.0,0.9022556390977444,13,78.1241220678581,5.0,80.04793696366787,0
100.0,0.9029850746268656,13,78.4178262052182,6.2285849713555415,73.01335332373043,0
100.0,0.9037037037037036,13,75.54662957471233,12.834387015020948,68.29320383846627,0
100.0,0.9044117647058824,13,75.90051852290247,6.345654662107816,66.59212027540899,0
100.0,0.9051094890510948,13,78.88645012266733,15.345736254892362,61.67266533182632,1
99.09565217391304,0.8985507246376812,14,79.62527204942667,23.19450272716044,56.923818349147496,0
100.0,0.8992805755395683,14,82.67719676232873,28.46282439525004,62.92004122951638,0
100.0,0.9,14,80.09041360115589,28.01446198391765,65.99475835555843,0
100.0,0.900709219858156,14,75.74979384535348,27.579409087422405,61.096658711652935,0
100.0,0.9014084507042254,14,74.34358243050633,20.11907480921011,63.12529407545108,0
100.0,0.902097902097902,14,78.72524269045225,11.137050217089843,65.44985916344433,1
99.0875,0.8958333333333334,15,80.90371768755226,7.97643703539406,63.40925901114375,0
100.0,0.896551724137931,15,78.56255290234314,13.336984552782557,61.38179901704748,0
100.0,0.8972602739726028,15,76.43876413643565,15.398134175400765,60.28317272622077,0
100.0,0.8979591836734694,15,79.31214428399562,8.963775685649743,53.22065297875288,1
99.07567567567568,0.8918918918918919,16,75.50828749930521,5.0,57.83226339161552,0
100.0,0.8926174496644296,16,79.88921205151537,5.0,56.97332619997648,0
100.0,0.8933333333333333,16,76.19400734513611,5.0,63.40379378410587,0
100.0,0.8940397350993378,16,71.96956393696246,5.0,61.36295565664976,1
99.06447368421053,0.8881578947368421,17,75.85991862597218,5.0,53.783403616409686,0
100.0,0.8888888888888888,17,80.27453457088434,13.711845025855071,46.59192538917317,0
100.0,0.8896103896103896,17,78.03472223434471,16.29795394642086,54.31833759961056,0
100.0,0.8903225806451613,17,73.8290388481452,15.193823791812124,57.19906806033944,0
100.0,0.8910256410256411,17,72.91298395131238,18.566517373634404,52.03659050505785,0
100.0,0.89171974522293,17,73.13530490448952,27.526631606971243,53.246091604830674,0
100.0,0.8924050632911392,17,70.89572321409112,30.35893453151329,54.18573338412175,0
100.0,0.8930817610062893,17,66.69409695861474,30.910799239377084,49.36128144927152,0
100.0,0.89375,17,70.35908527573164,28.244797808504263,44.76676017498052,0
100.0,0.8944099378881988,17,69.23321048913802,24.980168093139547,41.56766203418454,0
100.0,0.8950617283950617,17,69.98192592976007,27.93781930901356,43.31609612968012,0
100.0,0.8957055214723927,17,73.04264418396782,22.238619129518572,37.237540990108,0
100.0,0.8963414634146342,17,74.75666820490342,14.557134558400309,31.61911363391321,0
100.0,0.896969696969697,17,76.39419261220581,20.38637863421077,27.02725651391553,0
100.0,0.8975903614457831,17,80.48955257699441,14.448155373998588,27.840479945859396,0
100.0,0.8982035928143712,17,81.3607550432154,7.373020116819152,24.49278769111645,0
100.0,0.8988095238095238,17,80.96183020130385,5.861551196607124,25.841786159963835,0
100.0,0.8994082840236687,17,76.53961363768231,5.0,33.02555325202392,0
100.0,0.9,17,78.81158476532627,5.0,30.34953847146847,0
100.0,0.9005847953216374,17,74.05767919998185,11.81138776294094,34.7889225048852,0
100.0,0.9011627906976744,17,70.95730061781346,15.950654445991304,40.76546394456213,0
100.0,0.9017341040462428,17,67.50508630768809,16.24637564537893,46.87763043675917,0
100.0,0.9022988505747126,17,64.21717677478466,25.76554035715698,40.959642858594094,1
99.09142857142857,0.8971428571428571,18,66.50730506210886,31.52767133973941,48.40838856709252,0
100.0,0.8977272727272727,18,64.37773009754092,36.50494066155641,42.262187168488175,1
99.07796610169493,0.8926553672316384,19,67.87668465172301,36.984966929314815,47.09857998583824,0
100.0,0.8932584269662921,19,65.0159146555205,34.90708799522318,47.811372952857056,0
100.0,0.8938547486033519,19,60.55975974872784,31.916753709580053,45.9639968683092,0
100.0,0.8944444444444445,19,60.849031549650405,36.30595573126402,48.31179529434145,0
100.0,0.8950276243093923,19,59.79879230360289,33.736388111545615,51.40553779933998,0
100.0,0.8956043956043956,19,60.28410369614111,36.99649626000674,49.84223036576687,0
100.0,0.8961748633879781,19,60.30850870265897,28.56365339928385,41.91073442394588,0
100.0,0.8967391304347826,19,63.21406924681443,19.96262174728273,46.50602230780099,0
100.0,0.8972972972972973,19,64.58566015616282,15.62884776947785,46.982670670550846,0
100.0,0.8978494623655914,19,61.07339007855255,20.264722866579383,42.38268084382811,0
100.0,0.8983957219251337,19,56.46281739615446,28.547835996116685,44.87173880820513,0
100.0,0.898936170212766,19,57.02276239776723,25.575441820792054,41.808512364328,0
100.0,0.8994708994708994,19,58.72005341193818,15.664632423079055,41.08208302475771,0
100.0,0.9,19,59.915576645220256,11.478742332259792,43.50150420808092,0
100.0,0.900523560209424,19,64.29371167933952,5.0,37.602123893356776,0
100.0,0.9010416666666666,19,67.03229278305515,10.873607534875164,37.95322585941786,0
100.0,0.9015544041450776,19,63.906149564013006,15.390554801010447,30.63209500170104,1
99.09072164948454,0.8969072164948454,20,66.55043547421899,22.96432665595614,23.766021464281405,0
100.0,0.8974358974358975,20,62.47167924821228,22.26832926102745,31.70111704648977,0
100.0,0.8979591836734694,20,66.12789037027954,18.453751850225075,30.72415267202472,0
100.0,0.8984771573604061,20,66.05370484612256,11.911998641005113,31.938726923645845,0
100.0,0.898989898989899,20,69.1705371647126,7.284935766625802,34.76449590557708,0
100.0,0.8994974874371859,20,73.2414169432464,16.33250030725386,27.974420897937627,0
100.0,0.9,20,71.23032649134102,9.939275308398006,27.522252259623663,0
100.0,0.900497512437811,20,70.77356023444788,9.013441666821109,20.61868083800385,0
100.0,0.900990099009901,20,69.37695266991366,5.0,28.09636825550907,1
99.0896551724138,0.896551724137931,21,70.56500605430834,11.544188178066957,29.443304831111806,0
100.0,0.8970588235294118,21,72.47210674842827,13.414634553031933,30.767686156748667,0
100.0,0.8975609756097561,21,74.1150108842445,21.608935127323896,27.15284895509877,1
99.07961165048545,0.8932038834951457,22,69.77170418320992,25.12102473137948,31.45000199720402,0
100.0,0.893719806763285,22,72.95219877516114,18.245744808728265,27.700190033216167,0
100.0,0.8942307692307693,22,74.01116282984,9.493698040009852,22.11589715890171,0
100.0,0.8947368421052632,22,77.6178248999689,5.0,26.618314451725595,0
100.0,0.8952380952380953,22,75.15631554932136,9.72357287181837,24.236324690790465,1
99.07298578199052,0.8909952606635071,23,71.30834041407762,15.04447433576653,18.737955216619365,0
100.0,0.8915094339622641,23,66.94236560245403,19.059878506912725,24.95816611385628,1
99.06197183098593,0.8873239436619719,24,63.86802375470573,25.83418954414236,17.793353557260097,1
98.11150454126629,0.883177570093458,25,67.88454591371473,16.086198249966223,13.915474884972827,0
100.0,0.8837209302325582,25,70.57197008422031,21.17800550315998,11.56396065946493,0
100.0,0.8842592592592593,25,74.38417487181407,21.948790467673785,10.5737245510618,0
100.0,0.8847926267281107,25,73.2220625522851,29.24057648661359,17.164112856771098,1
99.04220183486238,0.8807339449541285,26,70.8119364074534,22.14388506197336,19.44168962868245,1
87.91020408163266,0.8367346938775511,16,50.059035269064,73.64548951825022,73.77943126989507,0
91.16776567489308,0.8383838383838383,16,45.81314186305387,82.36215232570933,76.57105431131058,0
94.4277561056985,0.84,16,50.57191737904387,84.67902883360465,74.14518705116056,1
93.322805610649,0.8316831683168316,17,45.794679692351046,87.53327525444972,68.84500366554181,0
96.57279685485912,0.8333333333333334,17,49.64816611939877,95.0,64.19624406107415,0
99.82520629012156,0.8349514563106796,17,53.38880833080849,95.0,66.90100707537043,0
100.0,0.8365384615384616,17,58.349018923574775,95.0,70.65454615922582,0
100.0,0.8380952380952381,17,54.55987611574984,95.0,64.19801491034286,0
100.0,0.839622641509434,17,56.58597188023914,92.88395306029538,68.64015781591799,0
100.0,0.8411214953271028,17,57.38902193865035,84.26537919225578,69.63797753624489,0
100.0,0.8425925925925926,17,60.91974867519375,92.8750498092623,72.30027848939832,0
100.0,0.8440366972477065,17,58.77778780579828,95.0,78.99862280373559,1
98.9090909090909,0.8363636363636363,18,59.59272660981804,89.9318245577235,73.66801301074739,0
100.0,0.8378378378378378,18,57.55032231339798,95.0,78.43643305474656,0
100.0,0.8392857142857143,18,57.27143407739232,89.51884526716832,81.33377190469282,1
98.89557522123894,0.831858407079646,19,59.96594111467708,85.08553818173014,73.95947545751271,0
100.0,0.8333333333333334,19,57.9778097770301,81.38503134704169,79.36138631625013,0
100.0,0.8347826086956521,19,61.13900847931494,74.75053007476946,85.92886822606022,0
100.0,0.8362068965517241,19,62.20669297442669,75.0216234849766,82.23635621193887,1
98.88717948717948,0.8290598290598291,20,65.08444142438661,74.17729501424282,89.52636236520897,0
100.0,0.8305084745762712,20,66.00783287279646,66.63709102819053,85.85417269435519,0
100.0,0.8319327731092437,20,62.855136804244175,76.49645588350987,88.76295886048281,1
98.875,0.825,21,61.95479785735796,75.44177909815222,81.39559316425742,1
97.72954545454546,0.8181818181818182,22,57.08933176127785,75.4207925886428,84.17317161282412,0
100.0,0.819672131147541,22,60.16880837232101,76.23709010715822,88.37174661739176,0
100.0,0.8211382113821138,22,61.0553575173024,67.52918976851535,85.8648836389038,1
98.84354838709676,0.8145161290322581,23,57.98898467008254,59.36237866175938,88.13610102445666,0
100.0,0.816,23,61.49702906535026,55.06119209404253,85.60787407074166,0
100.0,0.8174603174603174,23,57.91551455562241,47.73070094036103,90.1199648122338,0
100.0,0.8188976377952756,23,58.275935021897205,56.56817014927832,88.0826251316028,1
98.8375,0.8125,24,62.76965401114931,49.35495867932474,82.78589557278632,0
100.0,0.813953488372093,24,60.8085861714632,54.38177149262677,84.84787601427155,0
100.0,0.8153846153846154,24,65.73110397468889,61.8533802524785,92.44199379425037,0
100.0,0.816793893129771,24,62.86834316496021,62.219646632512976,95.0,0
100.0,0.8181818181818182,24,62.62693319463915,68.08508270325187,95.0,0
100.0,0.8195488721804511,24,63.48828845351457,58.49527482520509,94.3872622570833,0
100.0,0.8208955223880597,24,64.39915981576827,53.10910002703845,95.0,0
100.0,0.8222222222222222,24,66.45125290861719,60.65856847378525,90.61127905659283,1
98.8485294117647,0.8161764705882353,25,66.21373935594553,62.31930783515219,88.9993297205064,0
100.0,0.8175182481751825,25,69.51912536023917,58.79900298808752,84.43153888534637,0
100.0,0.8188405797101449,25,65.56758595394867,58.4153549652268,84.00248776588194,0
100.0,0.8201438848920863,25,63.66515540862607,58.63072867395313,83.43682380389691,0
100.0,0.8214285714285714,25,61.23181394291104,52.78309259029268,81.70367134373362,0
100.0,0.8226950354609929,25,65.38044300250577,59.55462963525837,86.09290665526869,1
98.85070422535212,0.8169014084507042,26,64.21413455972875,65.91711488741161,79.18733917193514,0
100.0,0.8181818181818182,26,62.27274460718178,70.25031972742646,86.97095957140203,0
100.0,0.8194444444444444,26,62.92897041421108,60.50193061214209,88.8262903821881,0
100.0,0.8206896551724138,26,65.38459125149951,58.385826167918246,80.93187911253285,0
100.0,0.821917808219178,26,62.59757263548086,50.73728676403523,87.25019464818517,0
100.0,0.8231292517006803,26,67.08626638505842,59.7658639701112,83.7966998696267,1
98.8527027027027,0.8175675675675675,27,70.31459887014346,69.69701612467891,89.51387113968998,0
100.0,0.8187919463087249,27,70.6647883823732,69.09807497854922,93.036520676054,0
100.0,0.82,27,68.933281833138,69.08031458982096,95.0,1
98.84370860927152,0.8145695364238411,28,65.0542727566941,61.96719839594029,91.54295652348696,1
97.67134018821888,0.8092105263157895,29,61.37883397266013,68.91289490024809,88.96881789640707,1
96.48310489410125,0.803921568627451,30,60.037151522981006,71.41292924461658,95.0,0
99.69088833722913,0.8051948051948052,30,60.09689479361733,72.17826223399673,93.40663035894391,1
98.49088833722912,0.8,31,60.00233226570695,77.91495830597721,86.48225255837127,1
97.2755037218445,0.7948717948717948,32,59.658507898793154,81.03381834233619,81.56360302891677,1
96.04493047343686,0.7898089171974523,33,64.13549900914201,89.52998264801242,82.34601999564393,0
99.23162168592332,0.7911392405063291,33,67.62710327046969,80.41230145775994,85.73065504617739,0
100.0,0.7924528301886793,33,63.87689568621568,74.91352224033147,83.34059207236358,1
98.7625,0.7875,34,63.6407347045789,79.57092022203366,80.7447667520149,0
100.0,0.7888198757763976,34,68.20195818710707,78.36019232243466,80.70315912946938,0
100.0,0.7901234567901234,34,67.70274594905867,75.9877925564255,73.2295584232901,0
100.0,0.7914110429447853,34,64.89981006014477,77.48599647195829,72.14700164119282,0
100.0,0.7926829268292683,34,67.69505918903627,82.32417750603942,67.83725696564274,0
100.0,0.793939393939394,34,62.83172548307677,80.31463653967735,75.30093344261603,0
100.0,0.7951807228915663,34,67.14644195107016,76.56056443183961,71.43005246822781,0
100.0,0.7964071856287425,34,65.59461710135521,81.6224658434369,64.9017599241591,1
98.775,0.7916666666666666,35,61.63358652665648,78.43330938455982,69.5491433353525,0
100.0,0.7928994082840237,35,65.25549757029515,80.96006878518826,63.93908815153025,0
100.0,0.7941176470588235,35,65.41884216123539,80.64990349587032,62.773646619736425,1
98.76842105263158,0.7894736842105263,36,64.03384734688817,82.67882411905249,62.11536815595629,0
100.0,0.7906976744186046,36,65.23223230922991,80.45887622098269,65.0888413715499,0
100.0,0.791907514450867,36,67.03191355317102,83.89402129637494,71.45209391304563,0
100.0,0.7931034482758621,36,65.01610604300991,75.80333997381312,77.00423283528471,0
100.0,0.7942857142857143,36,60.86889701535993,79.41003968594542,81.50753707701645,0
100.0,0.7954545454545454,36,56.4435654649243,79.47356791862234,79.09893231849468,1
98.7728813559322,0.7909604519774012,37,52.33566779239017,77.92381603181786,85.16910557976276,1
97.53243191772997,0.7865168539325843,38,53.738055326410944,81.1236476507283,77.36078292081042,0
100.0,0.7877094972067039,38,54.26899133743198,72.73244894930376,77.01360099998448,0
100.0,0.7888888888888889,38,56.21253193481083,65.07217959552455,78.90707605780956,0
100.0,0.7900552486187845,38,57.64243369377992,67.2846630619473,85.47723080575948,1
98.75714285714284,0.7857142857142857,39,58.75724108792056,65.91186863120384,92.9394812802139,1
97.50140515222482,0.7814207650273224,40,61.970258241197,63.41748103979312,88.76071112701746,1
96.23292689135523,0.7771739130434783,41,61.07262319445064,60.53399193392754,85.99377463199737,0
99.400480099899,0.7783783783783784,41,56.5460395535692,58.79955639073083,80.18794334747318,0
100.0,0.7795698924731183,41,59.69410192696262,61.84495174505743,84.77284265934716,1
98.72620320855614,0.7754010695187166,42,64.48266911502378,64.39010094221271,89.68173415158752,0
100.0,0.776595744680851,42,61.44997640958538,68.66477431748218,94.87446846862092,0
100.0,0.7777777777777778,42,60.58022825575965,74.48695830901221,95.0,1
98.72105263157894,0.7736842105263158,43,58.36991425350487,73.82519096773264,89.49306623437573,0
100.0,0.774869109947644,43,59.47732583977993,73.971287946298,93.40557018290951,0
100.0,0.7760416666666666,43,54.631195199250975,72.92387626774365,95.0,1
68.0,0.9240506329113924,6,124.60796651650696,5.0,80.63218179427486,0
71.38624281658066,0.925,6,123.24087596203644,13.088018283183462,82.88700689128079,1
98.7160621761658,0.772020725388601,44,52.097889713355215,76.94620298452405,88.17268029397245,1
70.5269835573214,0.9135802469135802,7,120.5993169491072,27.757265832543,91.47019867232882,0
73.89890831806687,0.9146341463414634,7,119.34476883298753,35.54345174389375,95.0,1
70.0,0.9230769230769231,6,39.2645531332687,32.903183583172876,24.42610240441284,0
74.0,0.8828828828828829,13,84.50140553548631,28.46700154909849,31.10051955201164,1
67.0,0.8732394366197183,9,14.035129268270834,29.146162746647345,27.052414750788298,1
79.0,0.8367346938775511,16,88.12524326837494,36.534232907869516,44.16293750003061,1
79.0,0.8367346938775511,16,86.10578152382911,31.896230130906822,40.22548735411971,1
79.0,0.8367346938775511,16,86.36905231168912,29.02257635917819,33.93578242158384,0
70.0,0.9230769230769231,6,35.88092603658916,30.865488778502133,31.30536106342813,0
67.0,0.8703703703703703,7,27.723719226291983,23.792980462596375,51.20851685218739,0
63.0,0.8245614035087719,10,65.40916288798745,31.646549067977354,34.56576811489088,0
67.0,0.8732394366197183,9,10.04019333697489,34.72269425623088,21.022147594381273,0
67.0,0.8732394366197183,9,6.05046872748822,44.60866443880862,13.15330398140374,0
74.0,0.8828828828828829,13,84.44513546624455,32.788360017867525,34.77712650202253,0
67.0,0.8732394366197183,9,5.0,46.79163145575424,14.687211312687014,0
67.0,0.8703703703703703,7,27.822408124954855,17.109565319741503,51.067839276264266,0
74.0,0.8828828828828829,13,80.36506562257625,39.19397458328517,40.51479361703353,0
79.0,0.8367346938775511,16,84.30797220586851,33.39381162236029,25.966839505122167,0
74.0,0.8828828828828829,13,80.82139940513945,42.11726834252046,39.27839165148178,0
67.0,0.8703703703703703,7,24.732200088772515,16.622507828512333,51.53356419528957,0
70.0,0.9230769230769231,6,32.93075447389126,29.03820439319501,24.902230461833597,0
79.0,0.8367346938775511,16,84.57418313303965,38.86876314916483,22.111406711339153,0
67.0,0.8703703703703703,7,21.02325542988329,20.46156819637974,57.4687713406628,0
79.0,0.8367346938775511,16,85.504678602932,48.34229777586171,28.237225660480462,0
79.0,0.8367346938775511,16,87.94973354081742,52.224133454004715,35.28605859406071,0
70.0,0.9230769230769231,6,32.1408909826585,30.752200963540584,16.96006942129909,0
63.0,0.8245614035087719,10,61.399535480054226,26.268460915616238,32.8712737364668,0
67.0,0.8732394366197183,9,5.0,49.14304836736717,16.75160690902629,1
74.0,0.8828828828828829,13,82.21870767928321,42.38601079757048,45.15024695537446,0
79.0,0.8367346938775511,16,87.23796973538882,52.424167075906624,35.77181173666999,0
74.0,0.8828828828828829,13,77.86699159022788,33.07119845482615,39.721504880465424,0
70.0,0.9230769230769231,6,29.230557513270796,33.05824353254725,11.731048979887362,1
67.0,0.8703703703703703,7,24.188739746199257,11.6476591836444,52.89822437554588,0
67.0,0.8732394366197183,9,5.0,58.798567255414625,16.992289158249896,1
67.0,0.8703703703703703,7,24.864116981105465,12.1328672136311,53.48489618714158,0
67.0,0.8703703703703703,7,26.384179321276832,18.12382938224745,60.79080187403287,1
74.0,0.8828828828828829,13,73.16162471215138,25.298387748753886,36.30693620998079,0
79.0,0.8367346938775511,16,85.24786812551999,58.238950674201995,31.886737408143254,0
67.0,0.8703703703703703,7,26.10886543250443,9.602797330864394,56.270451025360515,0
74.0,0.8828828828828829,13,74.16801240704004,25.369728111167404,38.31392626636605,0
74.0,0.8828828828828829,13,76.36936928627858,21.503583029990416,46.048745799425014,0
67.0,0.8703703703703703,7,23.030431857010797,13.280558189059208,55.43736325532643,1
67.0,0.8732394366197183,9,6.00361349857626,65.6993428573061,14.979058480003651,1
70.0,0.9230769230769231,6,31.217321282966385,39.548648211745686,7.183113815094609,0
79.0,0.8367346938775511,16,82.07391783712139,53.38306004357083,33.26513513531053,0
67.0,0.8732394366197183,9,5.0,63.59127336891558,21.450406729392547,0
79.0,0.8367346938775511,16,78.30039710447016,57.45848324935456,33.23149244918238,0
79.0,0.8367346938775511,16,73.84233562688709,51.48183738090995,38.94508521866083,1
70.0,0.9230769230769231,6,32.29423998262409,46.52084307125492,11.540787999211544,1
70.0,0.9230769230769231,6,33.5849322940837,52.90841355240942,5.0,0
79.0,0.8367346938775511,16,74.11525855743707,42.41500711993879,45.521674031409205,1
67.0,0.8732394366197183,9,5.45649725899858,71.66456276594468,27.714879038369972,1
70.0,0.9230769230769231,6,34.64267330115586,52.056440759561916,5.978748478448761,0
74.0,0.8828828828828829,13,73.249386837358,30.707149742002102,52.59405713015907,0
70.0,0.9230769230769231,6,38.494250717903974,61.59831853669981,6.479041975001648,0
70.0,0.9230769230769231,6,37.10192802192768,61.474380562566864,11.725882664771555,0
67.0,0.8703703703703703,7,21.392632929235166,6.881024500505766,60.57739723386162,0
79.0,0.8367346938775511,16,70.59087777721552,49.92469791040816,40.058238185562956,0
67.0,0.8703703703703703,7,24.612211292152235,8.641440812378043,62.44751149640726,1
67.0,0.8732394366197183,9,5.0,62.59462117218686,28.89368943550694,0
67.0,0.8732394366197183,9,5.0,67.69806532632794,34.17391664900041,0
79.0,0.8367346938775511,16,71.9298322958934,45.12856156116845,43.70489009185982,1
74.0,0.8828828828828829,13,74.25418899014407,25.462508861708127,50.33423333056296,0
63.0,0.8245614035087719,10,62.041780475961446,25.06549755896458,33.74609884225111,1
74.0,0.8828828828828829,13,74.87267053568007,27.05243719180423,55.949094905578974,0
63.0,0.8245614035087719,10,65.0871944523241,34.64051640247848,39.55248514290007,0
67.0,0.8732394366197183,9,7.7169096694455135,64.05977040027344,30.712140593134052,1
74.0,0.8828828828828829,13,79.13848882077087,23.491616103606475,60.57480128209731,0
67.0,0.8703703703703703,7,28.35065338949091,15.075175954438507,66.94264457634004,0
63.0,0.8245614035087719,10,62.19673998759401,42.660755958153715,41.576913694320474,1
67.0,0.8703703703703703,7,29.39832266266413,22.084413539946137,68.18375041153121,0
70.0,0.9230769230769231,6,35.141928275794136,63.6463603643386,6.893935470861795,0
63.0,0.8245614035087719,10,65.17678218458875,43.48049510482143,36.695146111895944,0
74.0,0.8828828828828829,13,75.95680351699613,14.93828846178965,55.22231345340041,0
70.0,0.9230769230769231,6,32.08058923950432,57.91057951921063,13.46348541056793,0
79.0,0.8367346938775511,16,67.4915130040214,49.948246484422434,45.5069954387637,1
74.0,0.8828828828828829,13,76.44710792464079,8.08436771115139,54.47960258557359,0
63.0,0.8245614035087719,10,67.27778993484213,45.28521878745458,38.15021384707238,0
67.0,0.8703703703703703,7,27.05223372291739,16.269319634251325,73.79227376221993,0
67.0,0.8703703703703703,7,22.761144891494887,21.8536563326668,76.837564234082,0
74.0,0.8828828828828829,13,74.45237711473321,12.422162681013935,61.338868514486975,0
63.0,0.8245614035087719,10,70.72172813871096,35.80625641095978,32.31271131621071,0
63.0,0.8245614035087719,10,68.30109482921651,29.508446010273758,28.102285975102703,1
70.0,0.9230769230769231,6,28.755895891191674,62.24440551277017,15.727780016272261,1
67.0,0.8703703703703703,7,23.76860658008323,27.49011587082849,72.34963660689488,0
67.0,0.8703703703703703,7,25.881024556530637,29.606748738825175,78.23477152684477,1
63.0,0.8245614035087719,10,70.32857105394278,35.6068178608007,21.650998771806947,0
74.0,0.8828828828828829,13,69.50195540282095,15.231073705960412,60.86568192450671,1
67.0,0.8732394366197183,9,7.973515983652188,59.22237983252816,36.74007474746904,0
67.0,0.8732394366197183,9,8.346557174655558,68.36031911900344,38.65741532566124,0
74.0,0.8828828828828829,13,72.97574579847688,11.23909023724116,62.6220750883698,0
74.0,0.8828828828828829,13,75.36148669819045,5.0,58.938781330661776,1
67.0,0.8732394366197183,9,8.769977091544858,73.17493529135437,42.85524536067843,1
67.0,0.8703703703703703,7,25.373918593890075,34.87330225415132,85.23658491840033,1
79.0,0.8367346938775511,16,67.19017679905156,41.90215630186847,46.514112108679484,0
70.0,0.9230769230769231,6,30.5718419580379,65.02086738232802,8.89728045793411,0
74.0,0.8828828828828829,13,77.2874600085538,5.0,64.47701181586547,0
70.0,0.9230769230769231,6,26.133958522088218,73.3967119577011,10.723018233106052,0
79.0,0.8367346938775511,16,67.17161520091786,47.11090887133976,43.50746072953332,0
67.0,0.8732394366197183,9,5.117534339393307,65.79893294471637,39.62398253957567,0
70.0,0.9230769230769231,6,23.070964556641545,65.22906140112666,13.649822135579097,0
70.0,0.9230769230769231,6,26.573567410728888,65.54302640567616,14.895476544739287,0
79.0,0.8367346938775511,16,68.22902086056754,44.38525081670552,41.67272009731435,0
82.25757575757575,0.8383838383838383,16,70.30263325463403,50.63456139329317,38.30225678637824,0
85.51757575757576,0.84,16,70.50715923863372,58.832584712693944,40.72159382811142,0
88.77995199519953,0.8415841584158416,16,74.96327976567295,52.452128769072694,45.66835025618064,0
92.04465787755247,0.8431372549019608,16,75.44750683615483,46.79462193012965,39.62969317229225,0
95.3116481688146,0.8446601941747572,16,75.4340442970727,55.20748662311866,41.36459594270497,0
98.58087893804537,0.8461538461538461,16,71.72133494686297,45.70039550980907,49.01022610145951,0
100.0,0.8476190476190476,16,67.88637592034135,36.16867047072745,54.61082346593993,1
98.9188679245283,0.839622641509434,17,70.20122457755804,35.23082355927355,56.387401921756855,0
100.0,0.8411214953271028,17,66.83220384566972,30.638884602911183,60.09389964583847,0
100.0,0.8425925925925926,17,67.58064474873967,30.669758505801152,52.33586942298912,0
100.0,0.8440366972477065,17,64.56483839178682,36.928495259928724,59.624430853233,0
100.0,0.8454545454545455,17,65.94520415552833,35.320128503041246,63.071035895358285,0
100.0,0.8468468468468469,17,62.41477722379193,27.280223855581315,64.0070621919988,0
100.0,0.8482142857142857,17,62.08001337611383,22.3299634042847,63.261932100071796,0
100.0,0.8495575221238938,17,60.55668847507813,19.063970153691592,68.45495696776906,0
100.0,0.8508771929824561,17,59.487865575935494,28.81092211773191,72.10505295656954,0
100.0,0.8521739130434782,17,55.38274429538817,19.865799353250605,70.55883048863532,0
100.0,0.853448275862069,17,52.43717343832177,29.37062714744774,76.64508680547459,0
100.0,0.8547008547008547,17,47.7477362137339,31.021101820890664,77.02044861990572,0
100.0,0.8559322033898306,17,44.38370566231134,36.44755852529454,78.79626788427183,1
98.94621848739496,0.8487394957983193,18,42.62230394879024,31.92145468912718,73.2712172297003,0
100.0,0.85,18,37.9361093320065,31.69140601269551,66.51985250491654,0
100.0,0.8512396694214877,18,36.22351719664742,24.29493645982329,67.30975531492518,0
100.0,0.8524590163934426,18,41.18363784714718,26.04943404107442,63.06124292319394,0
100.0,0.8536585365853658,18,45.87983790388376,29.687771451383725,60.17342371580491,0
100.0,0.8548387096774194,18,47.46697169758151,32.79070818203121,55.26122102108156,0
100.0,0.856,18,44.99355935144049,23.314424167833593,49.91294276296972,1
98.94761904761904,0.8492063492063492,19,41.542993743310035,14.867673733321189,46.897176363400646,0
100.0,0.8503937007874016,19,42.05324987278313,14.020273627079801,47.33057512851826,0
100.0,0.8515625,19,43.47547411199468,23.503007172003528,48.1029557500622,0
100.0,0.8527131782945736,19,38.74567049192999,32.18485495689289,53.94132177461674,1
98.93846153846154,0.8461538461538461,20,41.69003795977448,26.658685489290832,50.30637532970953,0
100.0,0.8473282442748091,20,42.44395956016458,27.802550258923795,43.16432477427029,0
100.0,0.8484848484848485,20,47.12603249309108,27.306683394029243,49.666523273747266,1
98.92631578947369,0.8421052631578947,21,47.28879010169483,32.77723554076956,55.24828061863214,0
100.0,0.8432835820895522,21,43.935568276683895,34.15759413463722,49.47593923544109,0
100.0,0.8444444444444444,21,46.64486760979734,29.95463952744221,49.35368013671895,0
100.0,0.8455882352941176,21,49.36591544206559,35.23218606894877,55.39900385657129,0
100.0,0.8467153284671532,21,53.422260379284566,25.552342533465293,59.06342103740541,0
100.0,0.8478260869565217,21,51.03945738995652,21.34359600880319,56.784785481661125,0
100.0,0.8489208633093526,21,50.12266574918624,29.498604518440168,63.87698582860037,0
100.0,0.85,21,51.665341960868105,29.626061149598787,66.1637896352487,0
100.0,0.851063829787234,21,46.856169376507054,23.76863461753592,65.21260760690487,0
100.0,0.852112676056338,21,42.544210781284406,17.63957167737569,71.92343110230347,0
100.0,0.8531468531468531,21,47.308617745027796,23.78125915867618,63.96012255417507,0
100.0,0.8541666666666666,21,43.439278453571966,16.837318494686894,70.73066438962638,0
100.0,0.8551724137931035,21,44.434105904743795,18.716105553562173,71.9564950094889,0
100.0,0.8561643835616438,21,41.12099133645262,19.413504302960106,77.61790776518421,0
100.0,0.8571428571428571,21,37.577035153685706,15.480773203534001,82.52913996148054,0
100.0,0.8581081081081081,21,42.348904556923564,8.400918411199882,79.48291029230583,0
100.0,0.8590604026845637,21,44.25155771920876,17.369559386675267,79.58188321640415,0
100.0,0.86,21,45.14988179802453,13.169165006141672,73.96251225647498,0
100.0,0.8609271523178808,21,46.96336928647873,22.173862954515634,77.91468748997627,0
100.0,0.8618421052631579,21,44.34241168146317,27.210265397217523,71.93398405020436,1
98.96862745098039,0.8562091503267973,22,47.24239275070533,26.98471205968714,78.06238536835659,0
100.0,0.8571428571428571,22,46.87448804570862,21.96655802198222,77.89069548777218,0
100.0,0.8580645161290322,22,44.755154966487,21.400799557161463,75.75540719577438,0
100.0,0.8589743589743589,22,48.1453474788942,19.08502266933481,83.00312238005492,0
100.0,0.8598726114649682,22,52.84300613314642,27.659271557239638,77.95011804723333,0
100.0,0.8607594936708861,22,54.5356367030348,29.403013809942802,81.15112303505221,0
100.0,0.8616352201257862,22,51.91359699585667,37.24828430070573,87.26747262755728,0
100.0,0.8625,22,54.77524989824511,47.02151062260475,82.7181607193161,0
100.0,0.8633540372670807,22,51.289221407003,44.67016915733379,78.41668001517122,0
100.0,0.8641975308641975,22,54.49245205211779,52.17741480095081,77.496672583506,0
100.0,0.8650306748466258,22,58.830917600332185,55.84343488762718,76.69118213941826,0
100.0,0.8658536585365854,22,59.072749098882355,48.774507044423544,73.40791697790672,1
98.98181818181818,0.8606060606060606,23,55.71969739442463,58.42034159567093,69.9169027905863,0
100.0,0.8614457831325302,23,59.58362886633525,56.63784190430096,68.34314929538986,0
100.0,0.8622754491017964,23,64.44862173515492,59.44650859025195,75.96316020177878,0
100.0,0.8630952380952381,23,60.25035793413691,62.66199194813868,80.94405128609442,1
98.97396449704142,0.8579881656804734,24,55.427612467029874,67.90623542500481,88.52495739333082,1
97.93278802645318,0.8529411764705882,25,53.456009654634556,67.15175668791866,92.08628833086826,0
100.0,0.8538011695906432,25,56.86046555700071,66.5416460739548,95.0,1
98.94651162790697,0.8488372093023255,26,59.38353746507978,61.971903678373394,95.0,0
100.0,0.8497109826589595,26,62.71878268373019,67.07026642137942,93.75836613277943,1
98.93448275862069,0.8448275862068966,27,60.00517285228618,59.979548350942274,89.31615702834176,0
100.0,0.8457142857142858,27,63.343030010317335,52.05049607664742,85.14279411307157,1
98.92272727272727,0.8409090909090909,28,58.686152136402704,59.52467064167149,82.97677145605473,0
100.0,0.8418079096045198,28,58.181792092895286,61.76786418301675,81.21136705992143,0
100.0,0.8426966292134831,28,59.62886792886887,60.31434340647273,86.17803443831822,0
100.0,0.8435754189944135,28,59.742892658274016,54.18129400611069,79.38552800850572,1
98.91666666666667,0.8388888888888889,29,58.52974092111574,47.42627753476979,73.1374654427319,0
100.0,0.8397790055248618,29,60.72763845934914,55.12138638508081,69.67054709001984,0
100.0,0.8406593406593407,29,61.39394235874393,59.615360279515826,76.97937674224275,0
100.0,0.8415300546448088,29,62.36883908534265,61.55915412256333,81.5337880268717,0
100.0,0.842391304347826,29,63.42352710603678,63.57223411067322,80.75286717033501,0
100.0,0.8432432432432433,29,61.98601822843408,72.63779491172218,84.75816048109846,1
98.91612903225807,0.8387096774193549,30,60.13198827437163,71.84425164722543,90.86207005195712,1
97.81880282904952,0.8342245989304813,31,55.9968719017482,66.13386886210537,88.61024937292086,1
96.70816453117718,0.8297872340425532,32,57.32391043380558,56.65369097959341,92.02412063724731,0
99.95419627720892,0.8306878306878307,32,52.69815148782069,46.80770792746095,85.06464126134979,0
100.0,0.8315789473684211,32,52.09337196070553,46.01573339357705,86.06171967958839,0
100.0,0.8324607329842932,32,48.36197561325866,49.2661166066551,91.21387166951874,1
98.884375,0.828125,33,49.30353715766526,43.29866794922946,95.0,1
97.75587759067358,0.8238341968911918,34,47.41698649795248,34.04333224651403,95.0,1
96.61464047727152,0.8195876288659794,35,46.86217710133958,39.98660460054426,94.4389500984366,0
99.84540970804075,0.8205128205128205,35,47.315983076352104,41.32904259659074,95.0,0
100.0,0.8214285714285714,35,50.470305850915366,40.22679295695959,95.0,0
100.0,0.8223350253807107,35,53.610089620392486,47.05989811759187,95.0,0
100.0,0.8232323232323232,35,52.21457096681131,50.146508425879794,95.0,1
98.8572864321608,0.8190954773869347,36,47.75928617087244,47.001451128364245,93.12069835864415,0
100.0,0.82,36,47.25148471854835,50.96411503720195,86.55931852294931,1
98.84776119402986,0.8159203980099502,37,48.2397984407505,41.14146460208128,93.26734516796152,0
100.0,0.8168316831683168,37,44.62312847452682,40.192543478118935,94.49032628645077,1
98.83842364532019,0.812807881773399,38,44.635686769943085,35.760432351081704,95.0,1
97.66489423355549,0.8088235294117647,39,47.208111413148885,39.53703174288196,90.01875291152358,0
100.0,0.8097560975609757,39,45.51093192691218,37.29334303404092,95.0,1
98.81747572815534,0.8058252427184466,40,48.281051385247885,39.33727537498082,87.42382440980859,0
100.0,0.8067632850241546,40,50.377514460697,39.6655453156272,84.24047945832191,0
100.0,0.8076923076923077,40,53.00805315082087,42.92078183921633,80.54724393587082,0
100.0,0.8086124401913876,40,50.670389404656795,40.74260432181714,81.21997199562881,0
100.0,0.8095238095238095,40,51.756433201261586,45.29093619477101,78.66614006016633,0
100.0,0.8104265402843602,40,48.82601017904697,52.61687073908772,81.55691512339727,0
100.0,0.8113207547169812,40,45.578634367763996,57.10351518765329,86.10798390464599,1
98.8225352112676,0.8075117370892019,41,41.15036245635117,50.988851208348116,92.22330127622479,0
70.0,0.9230769230769231,6,29.649987217891745,59.643148959379204,23.704411065390197,0
73.38585567338222,0.9240506329113924,6,28.893564346498657,58.142224597341205,18.114736808556177,0
76.77334692289055,0.925,6,29.97074308670802,53.0010716906813,14.405492224995605,0
80.16221587164158,0.9259259259259259,6,28.956767793761067,57.56697214204814,7.740936692908779,0
83.55245323571599,0.926829268292683,6,25.014732497819203,62.981093107622506,9.766900843968177,0
86.94399914579003,0.927710843373494,6,29.40611214708121,69.41062529138567,6.339432983305262,0
90.33684335775062,0.9285714285714286,6,34.147110233084454,67.17947716299939,5.0,0
93.73094904348179,0.9294117647058824,6,36.859294056671175,74.6637947758785,5.794968615229834,1
92.88676299697016,0.9186046511627907,7,41.159240406206294,66.03739455675952,5.0,0
96.26606123688913,0.9195402298850575,7,36.95384714541703,59.71730052133806,11.004968204148081,0
99.64673095016232,0.9204545454545454,7,38.42223300647859,60.318096584898214,16.241793862490688,0
100.0,0.9213483146067416,7,36.29382489605462,59.03446882158133,18.926831854884707,1
99.13333333333334,0.9111111111111111,8,36.16183525340315,67.05273873297331,24.183616594063253,0
100.0,0.9120879120879121,8,31.56439001788353,60.491563147554054,25.925836575127136,0
100.0,0.9130434782608695,8,29.257004951042298,60.068309135859025,31.838343452350898,0
100.0,0.9139784946236559,8,33.592034149257714,58.1474485590417,31.417748902325336,0
100.0,0.9148936170212766,8,32.19991062103152,62.88454899955489,24.27238904653096,0
100.0,0.9157894736842105,8,28.537557910572552,65.90694372329874,29.619375471449104,0
100.0,0.9166666666666666,8,28.55400029312079,72.94428331674416,27.00662583066842,0
100.0,0.9175257731958762,8,25.27551805894703,69.17294996242062,22.51726111125868,0
100.0,0.9183673469387755,8,25.839410493542477,76.55969187374704,22.648037209773854,0
100.0,0.9191919191919192,8,23.06201721573145,68.62688234321473,17.397145830134953,0
100.0,0.92,8,27.140158963485163,75.45697101020744,12.936733496709316,0
100.0,0.9207920792079208,8,29.268538735418,74.5088060188488,18.93114981936942,0
100.0,0.9215686274509803,8,24.407728669163944,75.75942510288496,24.20025235966917,1
99.1378640776699,0.912621359223301,9,21.18927786757572,82.69793152652304,20.794150572727176,0
100.0,0.9134615384615384,9,20.063299597549484,84.30035708607602,15.268712851549017,0
100.0,0.9142857142857143,9,21.616044034050915,92.94982736747711,17.392881508417474,0
100.0,0.9150943396226415,9,22.24563164063196,94.23920225771013,11.893824556438238,0
100.0,0.9158878504672897,9,21.533898968746733,95.0,5.263549597379717,0
100.0,0.9166666666666666,9,21.278950463202776,94.0717221418214,5.0,0
100.0,0.9174311926605505,9,21.26387430289046,92.47244093193056,5.0,0
100.0,0.9181818181818182,9,23.06578714306246,89.31336188993102,10.205216541957418,0
100.0,0.918918918918919,9,22.243570848381324,87.18641180311869,16.014912829130857,0
100.0,0.9196428571428571,9,21.76640954957076,91.06748574232323,22.664632839565645,0
100.0,0.9203539823008849,9,17.314854387000064,95.0,20.06846366075143,0
100.0,0.9210526315789473,9,13.170287401410935,93.64468001494129,13.09466965966194,0
100.0,0.9217391304347826,9,8.907068551864352,86.40558046384784,10.666566330670927,1
99.14137931034483,0.9137931034482759,10,8.009808144251375,89.70051132832191,7.281822282062125,0
100.0,0.9145299145299145,10,9.37005701198131,79.95835943515429,9.667101386820066,0
100.0,0.9152542372881356,10,5.0,84.53972995541832,6.804411775866292,0
100.0,0.9159663865546218,10,5.122625660020593,78.11848940876753,7.190676218524903,0
100.0,0.9166666666666666,10,6.270269936471871,84.95230800870955,5.0,1
99.12727272727273,0.9090909090909091,11,8.982121825329635,89.56638606965646,5.0,0
100.0,0.9098360655737705,11,5.85552342591584,87.18772432592931,7.658169152461205,0
100.0,0.9105691056910569,11,5.941901387448045,85.90758085352324,14.989487922536378,1
99.10967741935484,0.9032258064516129,12,5.0,90.24464392120545,21.147746662719705,0
100.0,0.904,12,5.0,95.0,16.943196733904124,1
99.0904761904762,0.8968253968253969,13,5.0,95.0,23.393763956202076,1
98.15976752905887,0.889763779527559,14,5.0,87.82470059276638,30.317662313482984,0
100.0,0.890625,14,5.014902290676804,77.87440453100544,24.099452013421267,0
100.0,0.8914728682170543,14,6.658672577260193,69.12924327972144,31.261365078368545,0
100.0,0.8923076923076924,14,11.241016825714937,60.15812878750029,30.726969692944863,0
100.0,0.8931297709923665,14,13.563009798717879,66.81498950219654,36.28919919308859,0
100.0,0.8939393939393939,14,16.890572970832324,75.18710171078753,39.90104204635814,0
100.0,0.8947368421052632,14,17.14068108950541,65.73879747750713,39.89355455467587,1
99.06417910447762,0.8880597014925373,15,16.95602437808593,57.55707944315235,45.48507099717262,1
98.10862354892207,0.8814814814814815,16,15.774725287606547,64.42615155164587,49.83037088570364,0
100.0,0.8823529411764706,16,17.82001174231371,62.70267940392579,51.24382789166744,0
100.0,0.8832116788321168,16,18.933757380470105,59.614177004044826,46.8120582793374,0
100.0,0.8840579710144928,16,16.92827149859216,59.18628653435898,41.74442121691112,0
100.0,0.8848920863309353,16,13.273779068402808,65.47966150069497,35.577104873530764,0
100.0,0.8857142857142857,16,12.455593438332297,65.49025460523498,30.843866067518015,1
99.03829787234042,0.8794326241134752,17,7.556276829729144,70.57015732912143,24.574384911575937,0
100.0,0.8802816901408451,17,5.7424743774130445,61.439872044329206,24.657646716830236,0
100.0,0.8811188811188811,17,9.790157870820547,69.07581063191286,20.26296053142528,0
100.0,0.8819444444444444,17,11.31825858517664,68.1264690326902,18.17512980319316,0
100.0,0.8827586206896552,17,6.552383158217568,71.15031942265747,20.462146531182846,0
100.0,0.8835616438356164,17,6.432492313859781,71.12399651918204,26.98424184655043,1
99.0326530612245,0.8775510204081632,18,5.0,65.89976723441123,31.047876700914827,1
98.04751792608936,0.8716216216216216,19,5.0,68.215441005175,25.578838368031374,0
100.0,0.87248322147651,19,7.4450753240201095,66.64979288063272,29.90740119891845,1
99.0,0.8666666666666667,20,5.133859841920486,74.99470407061104,30.754147552457752,0
100.0,0.8675496688741722,20,6.184044443672966,73.66593049485571,29.458548870411892,1
98.98552631578947,0.8618421052631579,21,5.0,76.7550676724155,22.88308789711347,0
100.0,0.8627450980392157,21,5.0,67.10161423302458,30.385167927249096,0
100.0,0.8636363636363636,21,5.335872407290978,58.47127012640368,31.41329217124894,0
100.0,0.864516129032258,21,6.972666132409694,66.8175892056595,34.01969319830678,0
100.0,0.8653846153846154,21,5.0,69.80612353058385,30.097245887956586,0
100.0,0.8662420382165605,21,7.109034888402398,71.37416064063126,33.77364745228775,0
100.0,0.8670886075949367,21,5.0,74.41794098904302,38.053177919865334,0
100.0,0.8679245283018868,21,5.279343997788308,74.67094524965977,44.62520011416878,0
100.0,0.86875,21,5.0,64.77817487894721,47.57910090546199,1
100.0,0.8084112149532711,41,6.050994972802409,53.21684468700828,41.8978869025654,0
